Timestamp,Name,CPU,Memory
2024-11-06 12:11:59,minikube,15.91%,60.21%
2024-11-06 12:11:59,me-load_balancer-1,0.12%,0.85%
2024-11-06 12:11:59,me-blog-1,0.00%,14.05%
2024-11-06 12:12:11,minikube,10.21%,60.18%
2024-11-06 12:12:11,me-load_balancer-1,0.20%,0.84%
2024-11-06 12:12:11,me-blog-1,0.00%,14.05%
2024-11-06 12:12:23,minikube,10.40%,60.21%
2024-11-06 12:12:23,me-load_balancer-1,0.12%,0.84%
2024-11-06 12:12:23,me-blog-1,0.00%,14.05%
2024-11-06 12:12:35,minikube,13.02%,60.23%
2024-11-06 12:12:35,me-load_balancer-1,0.16%,0.84%
2024-11-06 12:12:35,me-blog-1,0.00%,14.05%
2024-11-06 12:12:46,minikube,11.46%,60.21%
2024-11-06 12:12:46,me-load_balancer-1,0.14%,0.84%
2024-11-06 12:12:46,me-blog-1,0.00%,14.05%
2024-11-06 12:12:58,minikube,11.31%,60.13%
2024-11-06 12:12:58,me-load_balancer-1,0.16%,0.84%
2024-11-06 12:12:58,me-blog-1,0.00%,14.05%
2024-11-06 12:13:10,minikube,9.32%,60.21%
2024-11-06 12:13:10,me-load_balancer-1,0.16%,0.84%
2024-11-06 12:13:10,me-blog-1,0.01%,14.05%
2024-11-06 12:13:22,minikube,8.87%,60.20%
2024-11-06 12:13:22,me-load_balancer-1,0.13%,0.84%
2024-11-06 12:13:22,me-blog-1,0.01%,14.05%
2024-11-06 12:13:34,minikube,10.88%,60.18%
2024-11-06 12:13:34,me-load_balancer-1,0.13%,0.84%
2024-11-06 12:13:34,me-blog-1,0.00%,14.05%
2024-11-06 12:13:45,minikube,12.67%,60.18%
2024-11-06 12:13:45,me-load_balancer-1,0.13%,0.84%
2024-11-06 12:13:45,me-blog-1,0.00%,14.05%
2024-11-06 12:13:57,minikube,8.58%,60.16%
2024-11-06 12:13:57,me-load_balancer-1,0.14%,0.84%
2024-11-06 12:13:57,me-blog-1,0.00%,14.05%
2024-11-06 12:14:09,minikube,15.98%,60.23%
2024-11-06 12:14:09,me-load_balancer-1,0.13%,0.83%
2024-11-06 12:14:09,me-blog-1,0.00%,14.05%
2024-11-06 12:14:21,minikube,10.98%,60.26%
2024-11-06 12:14:21,me-load_balancer-1,0.23%,0.83%
2024-11-06 12:14:21,me-blog-1,0.01%,14.05%
2024-11-06 12:14:32,minikube,10.27%,60.22%
2024-11-06 12:14:32,me-load_balancer-1,0.15%,0.83%
2024-11-06 12:14:32,me-blog-1,0.00%,14.05%
2024-11-06 12:14:44,minikube,12.50%,60.24%
2024-11-06 12:14:44,me-load_balancer-1,0.24%,0.83%
2024-11-06 12:14:44,me-blog-1,0.00%,14.05%
2024-11-06 12:14:56,minikube,8.01%,60.21%
2024-11-06 12:14:56,me-load_balancer-1,0.12%,0.83%
2024-11-06 12:14:56,me-blog-1,0.02%,14.05%
2024-11-06 12:15:08,minikube,10.83%,60.21%
2024-11-06 12:15:08,me-load_balancer-1,0.16%,0.83%
2024-11-06 12:15:08,me-blog-1,0.00%,14.05%
2024-11-06 12:15:20,minikube,16.33%,60.28%
2024-11-06 12:15:20,me-load_balancer-1,0.10%,0.83%
2024-11-06 12:15:20,me-blog-1,0.00%,14.05%
2024-11-06 12:15:31,minikube,12.49%,60.30%
2024-11-06 12:15:31,me-load_balancer-1,0.25%,0.83%
2024-11-06 12:15:31,me-blog-1,0.00%,14.05%
2024-11-06 12:15:43,minikube,12.70%,60.24%
2024-11-06 12:15:43,me-load_balancer-1,0.13%,0.83%
2024-11-06 12:15:43,me-blog-1,0.01%,14.05%
2024-11-06 12:15:55,minikube,17.73%,60.20%
2024-11-06 12:15:55,me-load_balancer-1,0.19%,0.83%
2024-11-06 12:15:55,me-blog-1,0.00%,14.05%
2024-11-06 12:16:07,minikube,11.32%,60.24%
2024-11-06 12:16:07,me-load_balancer-1,0.13%,0.83%
2024-11-06 12:16:07,me-blog-1,0.01%,14.05%
2024-11-06 12:16:18,minikube,13.06%,60.24%
2024-11-06 12:16:18,me-load_balancer-1,0.19%,0.83%
2024-11-06 12:16:18,me-blog-1,0.00%,14.05%
2024-11-06 12:16:30,minikube,15.13%,60.14%
2024-11-06 12:16:30,me-load_balancer-1,0.20%,0.83%
2024-11-06 12:16:30,me-blog-1,0.00%,14.05%
2024-11-06 12:16:42,minikube,11.85%,60.14%
2024-11-06 12:16:42,me-load_balancer-1,0.14%,0.83%
2024-11-06 12:16:42,me-blog-1,0.00%,14.05%
2024-11-06 12:16:54,minikube,11.96%,60.13%
2024-11-06 12:16:54,me-load_balancer-1,0.20%,0.83%
2024-11-06 12:16:54,me-blog-1,0.00%,14.05%
2024-11-06 12:17:06,minikube,11.89%,60.19%
2024-11-06 12:17:06,me-load_balancer-1,0.10%,0.83%
2024-11-06 12:17:06,me-blog-1,0.00%,14.05%
2024-11-06 12:17:18,minikube,12.99%,60.25%
2024-11-06 12:17:18,me-load_balancer-1,0.22%,0.83%
2024-11-06 12:17:18,me-blog-1,0.01%,14.05%
2024-11-06 12:17:30,minikube,14.62%,60.27%
2024-11-06 12:17:30,me-load_balancer-1,0.12%,0.83%
2024-11-06 12:17:30,me-blog-1,0.00%,14.05%
2024-11-06 12:17:41,minikube,10.96%,60.23%
2024-11-06 12:17:41,me-load_balancer-1,0.18%,0.83%
2024-11-06 12:17:41,me-blog-1,0.00%,14.05%
2024-11-06 12:17:53,minikube,11.25%,60.20%
2024-11-06 12:17:53,me-load_balancer-1,0.14%,0.83%
2024-11-06 12:17:53,me-blog-1,0.01%,14.05%
2024-11-06 12:18:05,minikube,16.76%,60.27%
2024-11-06 12:18:05,me-load_balancer-1,0.17%,0.83%
2024-11-06 12:18:05,me-blog-1,0.01%,14.05%
2024-11-06 12:18:17,minikube,11.81%,60.31%
2024-11-06 12:18:17,me-load_balancer-1,0.13%,0.82%
2024-11-06 12:18:17,me-blog-1,0.00%,14.05%
2024-11-06 12:18:28,minikube,11.89%,60.26%
2024-11-06 12:18:28,me-load_balancer-1,0.22%,0.82%
2024-11-06 12:18:28,me-blog-1,0.01%,14.05%
2024-11-06 12:18:40,minikube,18.45%,60.28%
2024-11-06 12:18:40,me-load_balancer-1,0.15%,0.82%
2024-11-06 12:18:40,me-blog-1,0.00%,14.05%
2024-11-06 12:18:52,minikube,11.95%,60.25%
2024-11-06 12:18:52,me-load_balancer-1,0.20%,0.82%
2024-11-06 12:18:52,me-blog-1,0.00%,14.05%
2024-11-06 12:19:04,minikube,16.94%,60.28%
2024-11-06 12:19:04,me-load_balancer-1,0.13%,0.82%
2024-11-06 12:19:04,me-blog-1,0.00%,14.05%
2024-11-06 12:19:16,minikube,11.44%,60.24%
2024-11-06 12:19:16,me-load_balancer-1,0.21%,0.82%
2024-11-06 12:19:16,me-blog-1,0.00%,14.05%
2024-11-06 12:19:27,minikube,11.18%,60.28%
2024-11-06 12:19:27,me-load_balancer-1,0.12%,0.82%
2024-11-06 12:19:27,me-blog-1,0.00%,14.05%
2024-11-06 12:19:39,minikube,9.35%,60.24%
2024-11-06 12:19:39,me-load_balancer-1,0.18%,0.82%
2024-11-06 12:19:39,me-blog-1,0.00%,14.05%
2024-11-06 12:19:51,minikube,12.27%,60.26%
2024-11-06 12:19:51,me-load_balancer-1,0.12%,0.82%
2024-11-06 12:19:51,me-blog-1,0.00%,14.05%
2024-11-06 12:20:04,minikube,19.69%,60.26%
2024-11-06 12:20:04,me-load_balancer-1,0.15%,0.82%
2024-11-06 12:20:04,me-blog-1,0.00%,14.05%
2024-11-06 12:20:16,minikube,14.23%,60.25%
2024-11-06 12:20:16,me-load_balancer-1,0.14%,0.82%
2024-11-06 12:20:16,me-blog-1,0.00%,14.05%
2024-11-06 12:20:27,minikube,10.69%,60.18%
2024-11-06 12:20:27,me-load_balancer-1,0.21%,0.82%
2024-11-06 12:20:27,me-blog-1,0.00%,14.05%
2024-11-06 12:20:39,minikube,10.31%,60.16%
2024-11-06 12:20:39,me-load_balancer-1,0.16%,0.82%
2024-11-06 12:20:39,me-blog-1,0.00%,14.05%
2024-11-06 12:20:51,minikube,12.89%,60.18%
2024-11-06 12:20:51,me-load_balancer-1,0.25%,0.82%
2024-11-06 12:20:51,me-blog-1,0.00%,14.05%
2024-11-06 12:21:04,minikube,26.65%,60.19%
2024-11-06 12:21:04,me-load_balancer-1,0.16%,0.82%
2024-11-06 12:21:04,me-blog-1,0.01%,14.05%
2024-11-06 12:21:16,minikube,10.85%,60.24%
2024-11-06 12:21:16,me-load_balancer-1,0.19%,0.82%
2024-11-06 12:21:16,me-blog-1,0.01%,14.05%
2024-11-06 12:21:29,minikube,14.25%,60.29%
2024-11-06 12:21:29,me-load_balancer-1,0.16%,0.82%
2024-11-06 12:21:29,me-blog-1,0.01%,14.05%
2024-11-06 12:21:42,minikube,11.59%,60.22%
2024-11-06 12:21:42,me-load_balancer-1,0.15%,0.82%
2024-11-06 12:21:42,me-blog-1,0.01%,14.05%
2024-11-06 12:21:54,minikube,17.49%,60.18%
2024-11-06 12:21:54,me-load_balancer-1,0.21%,0.82%
2024-11-06 12:21:54,me-blog-1,0.00%,14.05%
2024-11-06 12:22:07,minikube,11.88%,60.23%
2024-11-06 12:22:07,me-load_balancer-1,0.12%,0.82%
2024-11-06 12:22:07,me-blog-1,0.00%,14.05%
2024-11-06 12:22:19,minikube,14.22%,60.27%
2024-11-06 12:22:19,me-load_balancer-1,0.20%,0.82%
2024-11-06 12:22:19,me-blog-1,0.00%,14.05%
2024-11-06 12:22:32,minikube,11.27%,60.21%
2024-11-06 12:22:32,me-load_balancer-1,0.12%,0.82%
2024-11-06 12:22:32,me-blog-1,0.00%,14.05%
2024-11-06 12:22:44,minikube,26.06%,60.23%
2024-11-06 12:22:44,me-load_balancer-1,0.17%,0.82%
2024-11-06 12:22:44,me-blog-1,0.01%,14.05%
2024-11-06 12:22:57,minikube,11.77%,60.20%
2024-11-06 12:22:57,me-load_balancer-1,0.21%,0.82%
2024-11-06 12:22:57,me-blog-1,0.00%,14.05%
2024-11-06 12:23:09,minikube,15.79%,60.21%
2024-11-06 12:23:09,me-load_balancer-1,0.19%,0.82%
2024-11-06 12:23:09,me-blog-1,0.01%,14.05%
2024-11-06 12:23:22,minikube,8.72%,60.14%
2024-11-06 12:23:22,me-load_balancer-1,0.14%,0.82%
2024-11-06 12:23:22,me-blog-1,0.01%,14.05%
2024-11-06 12:23:35,minikube,13.82%,60.17%
2024-11-06 12:23:35,me-load_balancer-1,0.16%,0.82%
2024-11-06 12:23:35,me-blog-1,0.00%,14.05%
2024-11-06 12:23:47,minikube,9.85%,60.14%
2024-11-06 12:23:47,me-load_balancer-1,0.16%,0.82%
2024-11-06 12:23:47,me-blog-1,0.00%,14.05%
2024-11-06 12:24:00,minikube,17.61%,60.21%
2024-11-06 12:24:00,me-load_balancer-1,0.26%,0.82%
2024-11-06 12:24:00,me-blog-1,0.00%,14.05%
2024-11-06 12:24:12,minikube,12.41%,60.25%
2024-11-06 12:24:12,me-load_balancer-1,0.17%,0.82%
2024-11-06 12:24:12,me-blog-1,0.00%,14.05%
2024-11-06 12:24:25,minikube,15.00%,60.23%
2024-11-06 12:24:25,me-load_balancer-1,0.21%,0.82%
2024-11-06 12:24:25,me-blog-1,0.00%,14.05%
2024-11-06 12:24:37,minikube,9.62%,60.22%
2024-11-06 12:24:37,me-load_balancer-1,0.17%,0.82%
2024-11-06 12:24:37,me-blog-1,0.00%,14.05%
2024-11-06 12:24:50,minikube,16.53%,60.25%
2024-11-06 12:24:50,me-load_balancer-1,0.19%,0.82%
2024-11-06 12:24:50,me-blog-1,0.00%,14.05%
2024-11-06 12:25:03,minikube,15.43%,60.25%
2024-11-06 12:25:03,me-load_balancer-1,0.14%,0.82%
2024-11-06 12:25:03,me-blog-1,0.00%,14.05%
2024-11-06 12:25:15,--,--,--
2024-11-06 12:25:15,--,--,--
2024-11-06 12:25:15,--,--,--
2024-11-06 12:25:26,minikube,10.11%,60.28%
2024-11-06 12:25:26,me-load_balancer-1,0.14%,0.82%
2024-11-06 12:25:26,me-blog-1,0.00%,14.05%
2024-11-06 12:25:38,minikube,10.11%,60.25%
2024-11-06 12:25:38,me-load_balancer-1,0.18%,0.82%
2024-11-06 12:25:38,me-blog-1,0.00%,14.05%
2024-11-06 12:25:51,minikube,11.46%,60.22%
2024-11-06 12:25:51,me-load_balancer-1,0.14%,0.82%
2024-11-06 12:25:51,me-blog-1,0.00%,14.05%
2024-11-06 12:26:03,minikube,14.59%,60.22%
2024-11-06 12:26:03,me-load_balancer-1,0.14%,0.82%
2024-11-06 12:26:03,me-blog-1,1.23%,31.04%
2024-11-06 12:26:16,minikube,18.90%,60.31%
2024-11-06 12:26:16,me-load_balancer-1,0.13%,0.82%
2024-11-06 12:26:16,me-blog-1,0.47%,34.38%
2024-11-06 12:26:28,minikube,10.58%,60.28%
2024-11-06 12:26:28,me-load_balancer-1,0.11%,0.82%
2024-11-06 12:26:28,me-blog-1,0.97%,75.60%
2024-11-06 12:26:41,minikube,12.78%,60.28%
2024-11-06 12:26:41,me-load_balancer-1,0.20%,0.82%
2024-11-06 12:26:41,me-blog-1,1.44%,77.93%
2024-11-06 12:26:53,minikube,9.70%,60.20%
2024-11-06 12:26:53,me-load_balancer-1,0.10%,0.82%
2024-11-06 12:26:53,me-blog-1,0.54%,76.35%
2024-11-06 12:27:06,minikube,10.83%,60.34%
2024-11-06 12:27:06,me-load_balancer-1,0.14%,0.82%
2024-11-06 12:27:06,me-blog-1,0.47%,82.12%
2024-11-06 12:27:19,me-blog-2,0.00%,61.27%
2024-11-06 12:27:19,minikube,9.04%,60.35%
2024-11-06 12:27:19,me-load_balancer-1,0.12%,0.82%
2024-11-06 12:27:19,me-blog-1,0.33%,88.11%
2024-11-06 12:27:31,me-blog-2,0.00%,61.27%
2024-11-06 12:27:31,minikube,11.41%,60.33%
2024-11-06 12:27:31,me-load_balancer-1,0.13%,0.82%
2024-11-06 12:27:31,me-blog-1,0.95%,92.32%
2024-11-06 12:27:44,me-blog-2,0.00%,61.27%
2024-11-06 12:27:44,minikube,8.45%,60.31%
2024-11-06 12:27:44,me-load_balancer-1,0.12%,0.82%
2024-11-06 12:27:44,me-blog-1,1.02%,98.10%
2024-11-06 12:27:56,me-blog-2,0.00%,61.27%
2024-11-06 12:27:56,minikube,11.77%,60.24%
2024-11-06 12:27:56,me-load_balancer-1,0.18%,0.82%
2024-11-06 12:27:56,me-blog-1,1.08%,98.70%
2024-11-06 12:28:08,me-blog-2,0.00%,61.27%
2024-11-06 12:28:08,minikube,8.28%,60.26%
2024-11-06 12:28:08,me-load_balancer-1,0.13%,0.82%
2024-11-06 12:28:08,me-blog-1,0.98%,21.95%
2024-11-06 12:28:21,me-blog-2,0.00%,61.27%
2024-11-06 12:28:21,minikube,16.91%,60.23%
2024-11-06 12:28:21,me-load_balancer-1,0.14%,0.82%
2024-11-06 12:28:21,me-blog-1,0.99%,66.64%
2024-11-06 12:28:33,me-blog-2,0.01%,61.27%
2024-11-06 12:28:33,minikube,10.38%,60.17%
2024-11-06 12:28:33,me-load_balancer-1,0.14%,0.82%
2024-11-06 12:28:33,me-blog-1,1.05%,81.23%
2024-11-06 12:28:46,me-blog-2,0.01%,61.27%
2024-11-06 12:28:46,minikube,12.37%,60.20%
2024-11-06 12:28:46,me-load_balancer-1,0.14%,0.82%
2024-11-06 12:28:46,me-blog-1,1.57%,77.04%
2024-11-06 12:28:58,me-blog-3,0.02%,61.85%
2024-11-06 12:28:58,me-blog-2,0.00%,61.27%
2024-11-06 12:28:58,minikube,10.98%,60.15%
2024-11-06 12:28:58,me-load_balancer-1,0.10%,0.83%
2024-11-06 12:28:58,me-blog-1,1.75%,83.34%
2024-11-06 12:29:10,me-blog-3,0.00%,61.85%
2024-11-06 12:29:10,me-blog-2,0.00%,61.27%
2024-11-06 12:29:10,minikube,9.03%,60.04%
2024-11-06 12:29:10,me-load_balancer-1,0.17%,0.83%
2024-11-06 12:29:10,me-blog-1,0.94%,88.11%
2024-11-06 12:29:22,me-blog-3,0.00%,61.85%
2024-11-06 12:29:22,me-blog-2,0.00%,61.27%
2024-11-06 12:29:22,minikube,9.75%,59.88%
2024-11-06 12:29:22,me-load_balancer-1,0.12%,0.83%
2024-11-06 12:29:22,me-blog-1,0.56%,90.40%
2024-11-06 12:29:35,me-blog-3,0.00%,61.87%
2024-11-06 12:29:35,me-blog-2,0.00%,61.27%
2024-11-06 12:29:35,minikube,12.19%,59.86%
2024-11-06 12:29:35,me-load_balancer-1,0.21%,0.83%
2024-11-06 12:29:35,me-blog-1,1.05%,98.14%
2024-11-06 12:29:47,me-blog-3,0.00%,61.87%
2024-11-06 12:29:47,me-blog-2,0.00%,61.27%
2024-11-06 12:29:47,minikube,10.22%,59.92%
2024-11-06 12:29:47,me-load_balancer-1,0.16%,0.83%
2024-11-06 12:29:47,me-blog-1,0.40%,98.26%
2024-11-06 12:29:59,me-blog-3,0.00%,61.87%
2024-11-06 12:29:59,me-blog-2,0.01%,61.27%
2024-11-06 12:29:59,minikube,10.06%,59.84%
2024-11-06 12:29:59,me-load_balancer-1,0.24%,0.83%
2024-11-06 12:29:59,me-blog-1,1.05%,98.33%
2024-11-06 12:30:11,me-blog-3,0.01%,61.87%
2024-11-06 12:30:11,me-blog-2,0.01%,61.27%
2024-11-06 12:30:11,minikube,11.60%,59.90%
2024-11-06 12:30:11,me-load_balancer-1,0.22%,0.83%
2024-11-06 12:30:11,me-blog-1,0.96%,98.68%
2024-11-06 12:30:24,me-blog-4,0.00%,61.49%
2024-11-06 12:30:24,me-blog-3,0.01%,61.88%
2024-11-06 12:30:24,me-blog-2,0.00%,61.26%
2024-11-06 12:30:24,minikube,12.65%,59.82%
2024-11-06 12:30:24,me-load_balancer-1,0.22%,0.82%
2024-11-06 12:30:24,me-blog-1,0.00%,14.04%
2024-11-06 12:30:37,minikube,9.10%,59.84%
2024-11-06 12:30:37,me-load_balancer-1,24.05%,0.83%
2024-11-06 12:30:37,me-blog-1,0.00%,14.45%
2024-11-06 12:30:49,minikube,10.11%,59.83%
2024-11-06 12:30:49,me-load_balancer-1,0.22%,0.83%
2024-11-06 12:30:49,me-blog-1,0.00%,14.45%
2024-11-06 12:31:01,minikube,23.62%,59.88%
2024-11-06 12:31:01,me-load_balancer-1,0.11%,0.82%
2024-11-06 12:31:01,me-blog-1,0.03%,14.45%
2024-11-06 12:31:14,minikube,10.46%,59.88%
2024-11-06 12:31:14,me-load_balancer-1,0.21%,0.82%
2024-11-06 12:31:14,me-blog-1,0.01%,14.45%
2024-11-06 12:31:26,minikube,13.99%,59.87%
2024-11-06 12:31:26,me-load_balancer-1,0.16%,0.82%
2024-11-06 12:31:26,me-blog-1,0.01%,14.45%
2024-11-06 12:31:39,minikube,7.95%,59.86%
2024-11-06 12:31:39,me-load_balancer-1,0.15%,0.82%
2024-11-06 12:31:39,me-blog-1,0.00%,14.45%
2024-11-06 12:31:51,minikube,18.22%,59.92%
2024-11-06 12:31:51,me-load_balancer-1,0.14%,0.82%
2024-11-06 12:31:51,me-blog-1,0.01%,14.45%
2024-11-06 12:32:04,minikube,16.40%,59.84%
2024-11-06 12:32:04,me-load_balancer-1,0.16%,0.82%
2024-11-06 12:32:04,me-blog-1,0.00%,14.45%
2024-11-06 12:32:16,minikube,10.37%,59.82%
2024-11-06 12:32:16,me-load_balancer-1,0.17%,0.83%
2024-11-06 12:32:16,me-blog-1,0.01%,14.45%
2024-11-06 12:32:29,minikube,9.55%,59.83%
2024-11-06 12:32:29,me-load_balancer-1,0.22%,0.83%
2024-11-06 12:32:29,me-blog-1,0.00%,14.45%
2024-11-06 12:32:42,minikube,16.17%,59.90%
2024-11-06 12:32:42,me-load_balancer-1,0.13%,0.83%
2024-11-06 12:32:42,me-blog-1,0.01%,14.45%
2024-11-06 12:32:54,minikube,19.68%,59.88%
2024-11-06 12:32:54,me-load_balancer-1,0.16%,0.83%
2024-11-06 12:32:54,me-blog-1,0.00%,14.45%
2024-11-06 12:33:07,minikube,12.63%,59.94%
2024-11-06 12:33:07,me-load_balancer-1,0.19%,0.83%
2024-11-06 12:33:07,me-blog-1,0.00%,14.45%
2024-11-06 12:33:19,minikube,8.04%,59.93%
2024-11-06 12:33:19,me-load_balancer-1,0.15%,0.83%
2024-11-06 12:33:19,me-blog-1,0.00%,14.45%
2024-11-06 12:33:32,minikube,17.16%,59.91%
2024-11-06 12:33:32,me-load_balancer-1,0.18%,0.83%
2024-11-06 12:33:32,me-blog-1,0.01%,14.45%
2024-11-06 12:33:44,minikube,12.15%,60.08%
2024-11-06 12:33:44,me-load_balancer-1,0.13%,0.83%
2024-11-06 12:33:44,me-blog-1,0.00%,14.45%
2024-11-06 12:33:57,minikube,9.92%,59.97%
2024-11-06 12:33:57,me-load_balancer-1,0.20%,0.83%
2024-11-06 12:33:57,me-blog-1,0.00%,14.45%
2024-11-06 12:34:09,minikube,9.86%,60.05%
2024-11-06 12:34:09,me-load_balancer-1,0.11%,0.83%
2024-11-06 12:34:09,me-blog-1,0.00%,14.45%
2024-11-06 12:34:22,minikube,20.86%,59.91%
2024-11-06 12:34:22,me-load_balancer-1,0.34%,0.83%
2024-11-06 12:34:22,me-blog-1,0.00%,14.41%
2024-11-06 12:34:34,minikube,14.23%,59.93%
2024-11-06 12:34:34,me-load_balancer-1,0.11%,0.83%
2024-11-06 12:34:34,me-blog-1,0.00%,14.41%
2024-11-06 12:34:47,minikube,9.11%,59.97%
2024-11-06 12:34:47,me-load_balancer-1,0.22%,0.83%
2024-11-06 12:34:47,me-blog-1,0.01%,14.41%
2024-11-06 12:34:59,minikube,9.98%,59.95%
2024-11-06 12:34:59,me-load_balancer-1,0.17%,0.83%
2024-11-06 12:34:59,me-blog-1,0.00%,14.41%
2024-11-06 12:35:11,minikube,13.48%,59.92%
2024-11-06 12:35:11,me-load_balancer-1,0.24%,0.83%
2024-11-06 12:35:11,me-blog-1,0.00%,14.37%
2024-11-06 12:35:24,minikube,7.31%,59.91%
2024-11-06 12:35:24,me-load_balancer-1,0.12%,0.83%
2024-11-06 12:35:24,me-blog-1,0.00%,14.59%
2024-11-06 12:35:36,minikube,12.27%,59.76%
2024-11-06 12:35:36,me-load_balancer-1,0.18%,0.83%
2024-11-06 12:35:36,me-blog-1,0.00%,14.56%
2024-11-06 12:35:49,minikube,8.53%,59.75%
2024-11-06 12:35:49,me-load_balancer-1,0.11%,0.83%
2024-11-06 12:35:49,me-blog-1,0.00%,14.56%
2024-11-06 12:36:01,minikube,13.80%,59.79%
2024-11-06 12:36:01,me-load_balancer-1,0.16%,0.83%
2024-11-06 12:36:01,me-blog-1,0.00%,14.55%
2024-11-06 12:36:14,minikube,11.16%,59.91%
2024-11-06 12:36:14,me-load_balancer-1,0.11%,0.83%
2024-11-06 12:36:14,me-blog-1,0.00%,14.55%
2024-11-06 12:36:26,minikube,11.31%,59.85%
2024-11-06 12:36:26,me-load_balancer-1,0.22%,0.83%
2024-11-06 12:36:26,me-blog-1,0.00%,14.55%
2024-11-06 12:36:39,minikube,9.46%,59.87%
2024-11-06 12:36:39,me-load_balancer-1,0.12%,0.83%
2024-11-06 12:36:39,me-blog-1,0.00%,14.55%
2024-11-06 12:36:51,minikube,12.18%,59.85%
2024-11-06 12:36:51,me-load_balancer-1,0.17%,0.83%
2024-11-06 12:36:51,me-blog-1,0.00%,14.55%
2024-11-06 12:37:04,minikube,25.28%,59.83%
2024-11-06 12:37:04,me-load_balancer-1,0.12%,0.83%
2024-11-06 12:37:04,me-blog-1,0.00%,14.55%
2024-11-06 12:37:16,minikube,12.10%,59.77%
2024-11-06 12:37:16,me-load_balancer-1,0.42%,0.83%
2024-11-06 12:37:16,me-blog-1,0.00%,14.55%
2024-11-06 12:37:29,minikube,7.64%,59.76%
2024-11-06 12:37:29,me-load_balancer-1,0.16%,0.83%
2024-11-06 12:37:29,me-blog-1,0.00%,14.54%
2024-11-06 12:37:42,minikube,12.61%,59.74%
2024-11-06 12:37:42,me-load_balancer-1,0.18%,0.83%
2024-11-06 12:37:42,me-blog-1,0.00%,14.53%
2024-11-06 12:37:54,minikube,18.18%,59.72%
2024-11-06 12:37:54,me-load_balancer-1,0.23%,0.83%
2024-11-06 12:37:54,me-blog-1,0.00%,14.53%
2024-11-06 12:38:07,minikube,13.66%,59.86%
2024-11-06 12:38:07,me-load_balancer-1,0.25%,0.83%
2024-11-06 12:38:07,me-blog-1,0.00%,14.53%
2024-11-06 12:38:19,minikube,8.01%,59.90%
2024-11-06 12:38:19,me-load_balancer-1,0.10%,0.83%
2024-11-06 12:38:19,me-blog-1,0.00%,14.53%
2024-11-06 12:38:32,minikube,13.33%,59.95%
2024-11-06 12:38:32,me-load_balancer-1,0.30%,0.83%
2024-11-06 12:38:32,me-blog-1,0.00%,14.53%
2024-11-06 12:38:44,minikube,12.92%,60.06%
2024-11-06 12:38:44,me-load_balancer-1,0.21%,0.83%
2024-11-06 12:38:44,me-blog-1,0.00%,14.53%
2024-11-06 12:38:57,minikube,12.37%,60.00%
2024-11-06 12:38:57,me-load_balancer-1,0.15%,0.84%
2024-11-06 12:38:57,me-blog-1,0.00%,14.53%
2024-11-06 12:39:09,minikube,9.64%,60.09%
2024-11-06 12:39:09,me-load_balancer-1,0.26%,0.84%
2024-11-06 12:39:09,me-blog-1,0.00%,14.53%
2024-11-06 12:39:22,minikube,12.35%,60.06%
2024-11-06 12:39:22,me-load_balancer-1,0.11%,0.84%
2024-11-06 12:39:22,me-blog-1,0.00%,14.53%
2024-11-06 12:39:34,minikube,10.82%,59.86%
2024-11-06 12:39:34,me-load_balancer-1,0.14%,0.84%
2024-11-06 12:39:34,me-blog-1,0.00%,14.44%
2024-11-06 12:39:47,minikube,11.36%,59.84%
2024-11-06 12:39:47,me-load_balancer-1,0.26%,0.84%
2024-11-06 12:39:47,me-blog-1,0.00%,14.44%
2024-11-06 12:40:00,minikube,13.39%,59.87%
2024-11-06 12:40:00,me-load_balancer-1,0.20%,0.84%
2024-11-06 12:40:00,me-blog-1,0.00%,14.45%
2024-11-06 12:40:12,minikube,18.24%,59.92%
2024-11-06 12:40:12,me-load_balancer-1,0.14%,0.84%
2024-11-06 12:40:12,me-blog-1,0.01%,14.45%
2024-11-06 12:40:25,minikube,13.82%,59.82%
2024-11-06 12:40:25,me-load_balancer-1,0.17%,0.84%
2024-11-06 12:40:25,me-blog-1,0.00%,14.45%
2024-11-06 12:40:37,minikube,12.16%,59.80%
2024-11-06 12:40:37,me-load_balancer-1,0.33%,0.84%
2024-11-06 12:40:37,me-blog-1,0.01%,14.45%
2024-11-06 12:40:50,minikube,9.39%,59.89%
2024-11-06 12:40:50,me-load_balancer-1,0.16%,0.84%
2024-11-06 12:40:50,me-blog-1,0.00%,14.45%
2024-11-06 12:41:02,minikube,17.63%,59.83%
2024-11-06 12:41:02,me-load_balancer-1,0.15%,0.84%
2024-11-06 12:41:02,me-blog-1,0.00%,14.45%
2024-11-06 12:41:15,minikube,13.87%,60.07%
2024-11-06 12:41:15,me-load_balancer-1,0.13%,0.84%
2024-11-06 12:41:15,me-blog-1,0.01%,14.45%
2024-11-06 12:41:27,minikube,8.70%,60.09%
2024-11-06 12:41:27,me-load_balancer-1,0.19%,0.84%
2024-11-06 12:41:27,me-blog-1,0.00%,14.45%
2024-11-06 12:41:40,minikube,7.44%,60.23%
2024-11-06 12:41:40,me-load_balancer-1,0.11%,0.84%
2024-11-06 12:41:40,me-blog-1,0.00%,14.47%
2024-11-06 12:41:52,minikube,13.52%,60.20%
2024-11-06 12:41:52,me-load_balancer-1,0.21%,0.84%
2024-11-06 12:41:52,me-blog-1,0.00%,14.47%
2024-11-06 12:42:05,minikube,15.23%,60.20%
2024-11-06 12:42:05,me-load_balancer-1,0.12%,0.84%
2024-11-06 12:42:05,me-blog-1,0.00%,14.47%
2024-11-06 12:42:17,minikube,11.61%,60.22%
2024-11-06 12:42:17,me-load_balancer-1,0.17%,0.84%
2024-11-06 12:42:17,me-blog-1,0.00%,14.47%
2024-11-06 12:42:30,minikube,14.74%,60.21%
2024-11-06 12:42:30,me-load_balancer-1,0.13%,0.84%
2024-11-06 12:42:30,me-blog-1,0.00%,14.47%
2024-11-06 12:42:43,minikube,18.55%,60.21%
2024-11-06 12:42:43,me-load_balancer-1,0.27%,0.84%
2024-11-06 12:42:43,me-blog-1,0.00%,14.46%
2024-11-06 12:42:55,minikube,19.04%,60.11%
2024-11-06 12:42:55,me-load_balancer-1,0.14%,0.84%
2024-11-06 12:42:55,me-blog-1,0.00%,14.46%
2024-11-06 12:43:08,minikube,11.07%,60.19%
2024-11-06 12:43:08,me-load_balancer-1,0.15%,0.85%
2024-11-06 12:43:08,me-blog-1,0.00%,14.46%
2024-11-06 12:43:20,minikube,14.75%,60.17%
2024-11-06 12:43:20,me-load_balancer-1,0.17%,0.85%
2024-11-06 12:43:20,me-blog-1,0.00%,14.46%
2024-11-06 12:43:33,minikube,18.08%,60.18%
2024-11-06 12:43:33,me-load_balancer-1,0.15%,0.85%
2024-11-06 12:43:33,me-blog-1,0.01%,14.46%
2024-11-06 12:43:45,minikube,10.17%,60.26%
2024-11-06 12:43:45,me-load_balancer-1,0.13%,0.85%
2024-11-06 12:43:45,me-blog-1,0.00%,14.46%
2024-11-06 12:43:58,minikube,13.22%,60.13%
2024-11-06 12:43:58,me-load_balancer-1,0.15%,0.85%
2024-11-06 12:43:58,me-blog-1,0.00%,14.45%
2024-11-06 12:44:10,minikube,14.37%,59.95%
2024-11-06 12:44:10,me-load_balancer-1,0.14%,0.85%
2024-11-06 12:44:10,me-blog-1,0.00%,14.36%
2024-11-06 12:44:23,minikube,14.14%,59.82%
2024-11-06 12:44:23,me-load_balancer-1,0.26%,0.85%
2024-11-06 12:44:23,me-blog-1,0.00%,14.36%
2024-11-06 12:44:35,minikube,14.63%,59.96%
2024-11-06 12:44:35,me-load_balancer-1,0.19%,0.85%
2024-11-06 12:44:35,me-blog-1,0.00%,14.36%
2024-11-06 12:44:48,minikube,9.89%,59.77%
2024-11-06 12:44:48,me-load_balancer-1,0.21%,0.85%
2024-11-06 12:44:48,me-blog-1,0.00%,14.33%
2024-11-06 12:45:01,minikube,10.53%,59.81%
2024-11-06 12:45:01,me-load_balancer-1,0.23%,0.85%
2024-11-06 12:45:01,me-blog-1,0.00%,14.33%
2024-11-06 12:45:13,minikube,19.65%,59.92%
2024-11-06 12:45:13,me-load_balancer-1,0.13%,0.85%
2024-11-06 12:45:13,me-blog-1,0.00%,14.33%
2024-11-06 12:45:26,minikube,14.93%,59.78%
2024-11-06 12:45:26,me-load_balancer-1,0.16%,0.85%
2024-11-06 12:45:26,me-blog-1,0.00%,14.33%
2024-11-06 12:45:38,minikube,24.22%,59.75%
2024-11-06 12:45:38,me-load_balancer-1,0.14%,0.85%
2024-11-06 12:45:38,me-blog-1,0.00%,14.33%
2024-11-06 12:45:51,minikube,12.98%,59.70%
2024-11-06 12:45:51,me-load_balancer-1,0.21%,0.85%
2024-11-06 12:45:51,me-blog-1,0.00%,14.32%
2024-11-06 12:46:03,minikube,21.60%,59.71%
2024-11-06 12:46:03,me-load_balancer-1,0.11%,0.85%
2024-11-06 12:46:03,me-blog-1,0.00%,14.31%
2024-11-06 12:46:16,minikube,11.31%,59.66%
2024-11-06 12:46:16,me-load_balancer-1,0.17%,0.85%
2024-11-06 12:46:16,me-blog-1,0.00%,14.28%
2024-11-06 12:46:28,minikube,8.94%,59.51%
2024-11-06 12:46:28,me-load_balancer-1,0.12%,0.85%
2024-11-06 12:46:28,me-blog-1,0.00%,14.25%
2024-11-06 12:46:41,minikube,10.74%,59.44%
2024-11-06 12:46:41,me-load_balancer-1,0.17%,0.85%
2024-11-06 12:46:41,me-blog-1,0.00%,14.22%
2024-11-06 12:46:53,minikube,18.02%,59.41%
2024-11-06 12:46:53,me-load_balancer-1,0.15%,0.85%
2024-11-06 12:46:53,me-blog-1,0.00%,14.21%
2024-11-06 12:47:06,minikube,13.06%,59.28%
2024-11-06 12:47:06,me-load_balancer-1,0.19%,0.85%
2024-11-06 12:47:06,me-blog-1,0.00%,14.18%
2024-11-06 12:47:18,minikube,12.58%,59.28%
2024-11-06 12:47:18,me-load_balancer-1,0.13%,0.85%
2024-11-06 12:47:18,me-blog-1,0.00%,14.18%
2024-11-06 12:47:31,minikube,13.12%,59.26%
2024-11-06 12:47:31,me-load_balancer-1,0.19%,0.85%
2024-11-06 12:47:31,me-blog-1,0.01%,14.17%
2024-11-06 12:47:44,minikube,11.68%,59.21%
2024-11-06 12:47:44,me-load_balancer-1,0.16%,0.85%
2024-11-06 12:47:44,me-blog-1,0.00%,14.17%
2024-11-06 12:47:56,minikube,8.77%,59.18%
2024-11-06 12:47:56,me-load_balancer-1,0.16%,0.85%
2024-11-06 12:47:56,me-blog-1,0.00%,14.17%
2024-11-06 12:48:09,minikube,15.89%,59.16%
2024-11-06 12:48:09,me-load_balancer-1,0.24%,0.85%
2024-11-06 12:48:09,me-blog-1,0.00%,14.16%
2024-11-06 12:48:21,minikube,10.84%,59.16%
2024-11-06 12:48:21,me-load_balancer-1,0.13%,0.85%
2024-11-06 12:48:21,me-blog-1,0.00%,14.16%
2024-11-06 12:48:34,minikube,16.31%,59.17%
2024-11-06 12:48:34,me-load_balancer-1,0.16%,0.85%
2024-11-06 12:48:34,me-blog-1,0.00%,14.16%
2024-11-06 12:48:46,minikube,9.59%,59.10%
2024-11-06 12:48:46,me-load_balancer-1,0.17%,0.85%
2024-11-06 12:48:46,me-blog-1,0.00%,14.13%
2024-11-06 12:48:59,minikube,11.53%,59.07%
2024-11-06 12:48:59,me-load_balancer-1,0.19%,0.85%
2024-11-06 12:48:59,me-blog-1,0.01%,14.13%
2024-11-06 12:49:11,minikube,8.73%,59.03%
2024-11-06 12:49:11,me-load_balancer-1,0.12%,0.85%
2024-11-06 12:49:11,me-blog-1,0.00%,14.11%
2024-11-06 12:49:24,minikube,11.14%,59.11%
2024-11-06 12:49:24,me-load_balancer-1,0.14%,0.85%
2024-11-06 12:49:24,me-blog-1,0.00%,14.11%
2024-11-06 12:49:36,minikube,9.99%,59.07%
2024-11-06 12:49:36,me-load_balancer-1,0.13%,0.85%
2024-11-06 12:49:36,me-blog-1,0.00%,14.11%
2024-11-06 12:49:49,minikube,10.64%,59.04%
2024-11-06 12:49:49,me-load_balancer-1,0.15%,0.85%
2024-11-06 12:49:49,me-blog-1,0.00%,14.11%
2024-11-06 12:50:02,minikube,14.76%,58.94%
2024-11-06 12:50:02,me-load_balancer-1,0.11%,0.85%
2024-11-06 12:50:02,me-blog-1,0.00%,14.11%
2024-11-06 12:50:14,minikube,17.28%,59.07%
2024-11-06 12:50:14,me-load_balancer-1,0.14%,0.85%
2024-11-06 12:50:14,me-blog-1,0.00%,14.11%
2024-11-06 12:50:27,minikube,13.48%,59.03%
2024-11-06 12:50:27,me-load_balancer-1,0.35%,0.85%
2024-11-06 12:50:27,me-blog-1,0.00%,14.11%
2024-11-06 12:50:39,minikube,9.25%,59.05%
2024-11-06 12:50:39,me-load_balancer-1,0.20%,0.85%
2024-11-06 12:50:39,me-blog-1,0.01%,14.11%
2024-11-06 13:19:23,minikube,0.00%,58.98%
2024-11-06 13:19:23,me-load_balancer-1,0.26%,0.85%
2024-11-06 13:19:23,me-blog-1,0.00%,14.11%
2024-11-06 14:03:37,minikube,0.00%,58.98%
2024-11-06 14:03:37,me-load_balancer-1,0.25%,0.85%
2024-11-06 14:03:37,me-blog-1,0.01%,14.11%
2024-11-06 14:03:50,minikube,0.00%,58.98%
2024-11-06 14:03:50,me-load_balancer-1,0.41%,0.85%
2024-11-06 14:03:50,me-blog-1,0.01%,14.11%
2024-11-06 14:04:02,minikube,0.00%,58.98%
2024-11-06 14:04:02,me-load_balancer-1,0.26%,0.85%
2024-11-06 14:04:02,me-blog-1,0.01%,14.11%
2024-11-06 14:04:15,minikube,0.00%,58.98%
2024-11-06 14:04:15,me-load_balancer-1,0.21%,0.85%
2024-11-06 14:04:15,me-blog-1,0.00%,14.11%
2024-11-06 14:04:28,minikube,0.00%,58.98%
2024-11-06 14:04:28,me-load_balancer-1,0.28%,0.85%
2024-11-06 14:04:28,me-blog-1,0.01%,14.11%
2024-11-06 14:04:40,minikube,0.00%,58.98%
2024-11-06 14:04:40,me-load_balancer-1,0.39%,0.85%
2024-11-06 14:04:40,me-blog-1,0.01%,14.11%
2024-11-06 14:04:53,minikube,0.00%,58.98%
2024-11-06 14:04:53,me-load_balancer-1,0.13%,0.85%
2024-11-06 14:04:53,me-blog-1,0.00%,14.11%
2024-11-06 14:05:05,minikube,0.00%,58.98%
2024-11-06 14:05:05,me-load_balancer-1,0.24%,0.85%
2024-11-06 14:05:05,me-blog-1,0.01%,14.11%
2024-11-06 14:05:18,minikube,0.00%,58.98%
2024-11-06 14:05:18,me-load_balancer-1,0.28%,0.85%
2024-11-06 14:05:18,me-blog-1,0.01%,14.11%
2024-11-06 14:05:30,minikube,0.00%,58.99%
2024-11-06 14:05:30,me-load_balancer-1,0.42%,0.85%
2024-11-06 14:05:30,me-blog-1,0.01%,14.11%
2024-11-06 14:05:43,minikube,0.00%,58.89%
2024-11-06 14:05:43,me-load_balancer-1,0.28%,0.85%
2024-11-06 14:05:43,me-blog-1,0.01%,14.11%
2024-11-06 14:05:56,minikube,0.00%,58.86%
2024-11-06 14:05:56,me-load_balancer-1,0.28%,0.85%
2024-11-06 14:05:56,me-blog-1,0.01%,14.11%
2024-11-06 14:06:08,minikube,0.00%,58.82%
2024-11-06 14:06:08,me-load_balancer-1,0.18%,0.85%
2024-11-06 14:06:08,me-blog-1,0.01%,14.11%
2024-11-06 14:06:21,minikube,0.00%,58.82%
2024-11-06 14:06:21,me-load_balancer-1,0.17%,0.85%
2024-11-06 14:06:21,me-blog-1,0.00%,14.11%
2024-11-06 14:06:34,minikube,0.00%,58.82%
2024-11-06 14:06:34,me-load_balancer-1,0.24%,0.85%
2024-11-06 14:06:34,me-blog-1,0.00%,14.11%
2024-11-06 14:06:46,minikube,0.00%,58.82%
2024-11-06 14:06:46,me-load_balancer-1,0.27%,0.85%
2024-11-06 14:06:46,me-blog-1,0.01%,14.11%
2024-11-06 14:06:59,minikube,0.00%,58.82%
2024-11-06 14:06:59,me-load_balancer-1,0.27%,0.85%
2024-11-06 14:06:59,me-blog-1,0.01%,14.11%
2024-11-06 14:07:11,minikube,0.00%,58.82%
2024-11-06 14:07:11,me-load_balancer-1,0.26%,0.85%
2024-11-06 14:07:11,me-blog-1,0.00%,14.11%
2024-11-06 14:07:24,minikube,0.00%,58.82%
2024-11-06 14:07:24,me-load_balancer-1,0.27%,0.85%
2024-11-06 14:07:24,me-blog-1,0.01%,14.11%
2024-11-06 14:07:36,minikube,0.00%,58.82%
2024-11-06 14:07:36,me-load_balancer-1,0.27%,0.85%
2024-11-06 14:07:36,me-blog-1,0.01%,14.11%
2024-11-06 14:07:49,minikube,0.00%,58.82%
2024-11-06 14:07:49,me-load_balancer-1,0.26%,0.85%
2024-11-06 14:07:49,me-blog-1,0.00%,14.11%
2024-11-06 14:08:02,minikube,0.00%,58.81%
2024-11-06 14:08:02,me-load_balancer-1,0.26%,0.85%
2024-11-06 14:08:02,me-blog-1,0.01%,14.11%
2024-11-06 14:08:14,minikube,0.00%,58.80%
2024-11-06 14:08:14,me-load_balancer-1,0.15%,0.85%
2024-11-06 14:08:14,me-blog-1,0.00%,14.11%
2024-11-06 14:08:27,minikube,0.00%,58.80%
2024-11-06 14:08:27,me-load_balancer-1,0.26%,0.85%
2024-11-06 14:08:27,me-blog-1,0.01%,14.11%
2024-11-06 14:08:39,minikube,0.00%,58.80%
2024-11-06 14:08:39,me-load_balancer-1,0.28%,0.85%
2024-11-06 14:08:39,me-blog-1,0.01%,14.11%
2024-11-06 14:08:52,minikube,0.00%,58.80%
2024-11-06 14:08:52,me-load_balancer-1,0.26%,0.85%
2024-11-06 14:08:52,me-blog-1,0.01%,14.11%
2024-11-06 14:09:05,minikube,0.00%,58.80%
2024-11-06 14:09:05,me-load_balancer-1,0.25%,0.85%
2024-11-06 14:09:05,me-blog-1,0.01%,14.11%
2024-11-06 14:09:17,minikube,0.00%,58.80%
2024-11-06 14:09:17,me-load_balancer-1,0.24%,0.85%
2024-11-06 14:09:17,me-blog-1,0.01%,14.11%
2024-11-06 14:09:30,minikube,0.00%,58.80%
2024-11-06 14:09:30,me-load_balancer-1,0.37%,0.85%
2024-11-06 14:09:30,me-blog-1,0.01%,14.11%
2024-11-06 14:09:43,minikube,0.00%,58.80%
2024-11-06 14:09:43,me-load_balancer-1,0.18%,0.85%
2024-11-06 14:09:43,me-blog-1,0.01%,14.11%
2024-11-06 14:09:55,minikube,0.00%,58.80%
2024-11-06 14:09:55,me-load_balancer-1,0.22%,0.85%
2024-11-06 14:09:55,me-blog-1,0.01%,14.11%
2024-11-06 14:10:08,minikube,0.00%,58.80%
2024-11-06 14:10:08,me-load_balancer-1,0.23%,0.85%
2024-11-06 14:10:08,me-blog-1,0.01%,14.11%
2024-11-06 14:10:20,minikube,0.00%,58.80%
2024-11-06 14:10:20,me-load_balancer-1,0.37%,0.85%
2024-11-06 14:10:20,me-blog-1,0.01%,14.11%
2024-11-06 14:10:33,minikube,0.00%,58.80%
2024-11-06 14:10:33,me-load_balancer-1,0.13%,0.85%
2024-11-06 14:10:33,me-blog-1,0.00%,14.11%
2024-11-06 14:10:46,minikube,0.00%,58.85%
2024-11-06 14:10:46,me-load_balancer-1,0.16%,0.85%
2024-11-06 14:10:46,me-blog-1,0.00%,14.11%
2024-11-06 14:10:58,minikube,0.00%,58.85%
2024-11-06 14:10:58,me-load_balancer-1,0.16%,0.85%
2024-11-06 14:10:58,me-blog-1,0.00%,14.11%
2024-11-06 14:11:11,minikube,0.00%,58.85%
2024-11-06 14:11:11,me-load_balancer-1,0.31%,0.85%
2024-11-06 14:11:11,me-blog-1,0.01%,14.11%
2024-11-06 14:11:23,minikube,0.00%,58.85%
2024-11-06 14:11:23,me-load_balancer-1,0.26%,0.85%
2024-11-06 14:11:23,me-blog-1,0.01%,14.11%
2024-11-06 14:11:36,minikube,0.00%,58.85%
2024-11-06 14:11:36,me-load_balancer-1,0.27%,0.85%
2024-11-06 14:11:36,me-blog-1,0.01%,14.11%
2024-11-06 14:11:49,minikube,0.00%,58.85%
2024-11-06 14:11:49,me-load_balancer-1,0.25%,0.85%
2024-11-06 14:11:49,me-blog-1,0.01%,14.11%
2024-11-06 14:12:01,minikube,0.00%,58.85%
2024-11-06 14:12:01,me-load_balancer-1,0.26%,0.85%
2024-11-06 14:12:01,me-blog-1,0.01%,14.11%
2024-11-06 14:12:14,minikube,0.00%,58.85%
2024-11-06 14:12:14,me-load_balancer-1,0.23%,0.85%
2024-11-06 14:12:14,me-blog-1,0.01%,14.11%
2024-11-06 14:12:26,minikube,0.00%,58.84%
2024-11-06 14:12:26,me-load_balancer-1,0.29%,0.85%
2024-11-06 14:12:26,me-blog-1,0.01%,14.11%
2024-11-06 14:12:39,minikube,0.00%,58.84%
2024-11-06 14:12:39,me-load_balancer-1,0.27%,0.85%
2024-11-06 14:12:39,me-blog-1,0.01%,14.11%
2024-11-06 14:12:51,minikube,0.00%,58.84%
2024-11-06 14:12:51,me-load_balancer-1,0.19%,0.85%
2024-11-06 14:12:51,me-blog-1,0.01%,14.11%
2024-11-06 14:13:04,minikube,0.00%,58.84%
2024-11-06 14:13:04,me-load_balancer-1,0.29%,0.85%
2024-11-06 14:13:04,me-blog-1,0.00%,14.11%
2024-11-06 14:13:17,minikube,0.00%,58.83%
2024-11-06 14:13:17,me-load_balancer-1,0.27%,0.85%
2024-11-06 14:13:17,me-blog-1,0.01%,14.11%
2024-11-06 14:13:29,minikube,0.00%,58.83%
2024-11-06 14:13:29,me-load_balancer-1,0.18%,0.85%
2024-11-06 14:13:29,me-blog-1,0.00%,14.11%
2024-11-06 14:13:42,minikube,0.00%,58.83%
2024-11-06 14:13:42,me-load_balancer-1,0.14%,0.85%
2024-11-06 14:13:42,me-blog-1,0.00%,14.11%
2024-11-06 14:13:54,minikube,0.00%,58.83%
2024-11-06 14:13:54,me-load_balancer-1,0.27%,0.85%
2024-11-06 14:13:54,me-blog-1,0.01%,14.11%
2024-11-06 14:14:07,minikube,0.00%,58.83%
2024-11-06 14:14:07,me-load_balancer-1,0.26%,0.85%
2024-11-06 14:14:07,me-blog-1,0.01%,14.11%
2024-11-06 14:14:20,minikube,0.00%,58.83%
2024-11-06 14:14:20,me-load_balancer-1,0.28%,0.85%
2024-11-06 14:14:20,me-blog-1,0.01%,14.11%
2024-11-06 14:14:32,minikube,0.00%,58.83%
2024-11-06 14:14:32,me-load_balancer-1,0.36%,0.85%
2024-11-06 14:14:32,me-blog-1,0.00%,14.11%
2024-11-06 14:14:45,minikube,0.00%,58.83%
2024-11-06 14:14:45,me-load_balancer-1,0.21%,0.85%
2024-11-06 14:14:45,me-blog-1,0.01%,14.11%
2024-11-06 14:14:57,minikube,0.00%,58.83%
2024-11-06 14:14:57,me-load_balancer-1,0.19%,0.85%
2024-11-06 14:14:57,me-blog-1,0.01%,14.11%
2024-11-06 14:15:10,minikube,0.00%,58.83%
2024-11-06 14:15:10,me-load_balancer-1,0.35%,0.85%
2024-11-06 14:15:10,me-blog-1,0.01%,14.11%
2024-11-06 14:15:23,minikube,0.00%,58.83%
2024-11-06 14:15:23,me-load_balancer-1,0.24%,0.85%
2024-11-06 14:15:23,me-blog-1,0.00%,14.11%
2024-11-06 14:15:35,minikube,0.00%,58.83%
2024-11-06 14:15:35,me-load_balancer-1,0.15%,0.85%
2024-11-06 14:15:35,me-blog-1,0.00%,14.11%
2024-11-06 14:15:48,minikube,0.00%,58.83%
2024-11-06 14:15:48,me-load_balancer-1,0.17%,0.85%
2024-11-06 14:15:48,me-blog-1,0.00%,14.11%
2024-11-06 14:16:00,minikube,0.00%,58.83%
2024-11-06 14:16:00,me-load_balancer-1,0.31%,0.85%
2024-11-06 14:16:00,me-blog-1,0.01%,14.11%
2024-11-06 14:16:13,minikube,0.00%,58.83%
2024-11-06 14:16:13,me-load_balancer-1,0.21%,0.85%
2024-11-06 14:16:13,me-blog-1,0.01%,14.11%
2024-11-06 14:16:25,minikube,0.00%,58.83%
2024-11-06 14:16:25,me-load_balancer-1,0.15%,0.85%
2024-11-06 14:16:25,me-blog-1,0.00%,14.11%
2024-11-06 14:16:38,minikube,0.00%,58.79%
2024-11-06 14:16:38,me-load_balancer-1,0.18%,0.85%
2024-11-06 14:16:38,me-blog-1,0.00%,14.11%
2024-11-06 14:16:51,minikube,0.00%,58.79%
2024-11-06 14:16:51,me-load_balancer-1,0.29%,0.85%
2024-11-06 14:16:51,me-blog-1,0.00%,14.11%
2024-11-06 14:17:03,minikube,0.00%,58.79%
2024-11-06 14:17:03,me-load_balancer-1,0.13%,0.85%
2024-11-06 14:17:03,me-blog-1,0.00%,14.11%
2024-11-06 14:17:16,minikube,0.00%,58.79%
2024-11-06 14:17:16,me-load_balancer-1,0.27%,0.85%
2024-11-06 14:17:16,me-blog-1,0.01%,14.11%
2024-11-06 14:17:28,minikube,0.00%,58.79%
2024-11-06 14:17:28,me-load_balancer-1,0.25%,0.85%
2024-11-06 14:17:28,me-blog-1,0.01%,14.11%
2024-11-06 14:17:41,minikube,0.00%,58.79%
2024-11-06 14:17:41,me-load_balancer-1,0.17%,0.85%
2024-11-06 14:17:41,me-blog-1,0.01%,14.11%
2024-11-06 14:17:53,minikube,0.00%,58.79%
2024-11-06 14:17:53,me-load_balancer-1,0.26%,0.85%
2024-11-06 14:17:53,me-blog-1,0.00%,14.11%
2024-11-06 14:18:06,minikube,0.00%,58.79%
2024-11-06 14:18:06,me-load_balancer-1,0.27%,0.85%
2024-11-06 14:18:06,me-blog-1,0.01%,14.11%
2024-11-06 14:18:19,minikube,0.00%,58.79%
2024-11-06 14:18:19,me-load_balancer-1,0.28%,0.85%
2024-11-06 14:18:19,me-blog-1,0.00%,14.11%
2024-11-06 14:18:31,minikube,0.00%,58.79%
2024-11-06 14:18:31,me-load_balancer-1,0.19%,0.85%
2024-11-06 14:18:31,me-blog-1,0.01%,14.11%
2024-11-06 14:18:44,minikube,0.00%,58.79%
2024-11-06 14:18:44,me-load_balancer-1,0.14%,0.85%
2024-11-06 14:18:44,me-blog-1,0.00%,14.11%
2024-11-06 14:18:56,minikube,0.00%,58.79%
2024-11-06 14:18:56,me-load_balancer-1,0.25%,0.85%
2024-11-06 14:18:56,me-blog-1,0.01%,14.11%
2024-11-06 14:19:09,minikube,0.00%,58.79%
2024-11-06 14:19:09,me-load_balancer-1,0.28%,0.85%
2024-11-06 14:19:09,me-blog-1,0.01%,14.11%
2024-11-06 14:19:21,minikube,0.00%,58.79%
2024-11-06 14:19:21,me-load_balancer-1,0.16%,0.85%
2024-11-06 14:19:21,me-blog-1,0.00%,14.11%
2024-11-06 14:19:34,minikube,0.00%,58.79%
2024-11-06 14:19:34,me-load_balancer-1,0.20%,0.85%
2024-11-06 14:19:34,me-blog-1,0.01%,14.11%
2024-11-06 14:19:46,minikube,0.00%,58.79%
2024-11-06 14:19:46,me-load_balancer-1,0.14%,0.85%
2024-11-06 14:19:46,me-blog-1,0.01%,14.11%
2024-11-06 14:19:59,minikube,0.00%,58.79%
2024-11-06 14:19:59,me-load_balancer-1,0.22%,0.85%
2024-11-06 14:19:59,me-blog-1,0.00%,14.11%
2024-11-06 14:20:12,minikube,0.00%,58.79%
2024-11-06 14:20:12,me-load_balancer-1,0.14%,0.85%
2024-11-06 14:20:12,me-blog-1,0.00%,14.11%
2024-11-06 14:20:24,minikube,0.00%,58.79%
2024-11-06 14:20:24,me-load_balancer-1,0.19%,0.85%
2024-11-06 14:20:24,me-blog-1,0.00%,14.11%
2024-11-06 14:20:37,minikube,0.00%,58.79%
2024-11-06 14:20:37,me-load_balancer-1,0.18%,0.85%
2024-11-06 14:20:37,me-blog-1,0.00%,14.11%
2024-11-06 14:20:49,minikube,0.00%,58.79%
2024-11-06 14:20:49,me-load_balancer-1,0.17%,0.85%
2024-11-06 14:20:49,me-blog-1,0.00%,14.11%
2024-11-06 14:21:02,minikube,0.00%,58.79%
2024-11-06 14:21:02,me-load_balancer-1,0.17%,0.85%
2024-11-06 14:21:02,me-blog-1,0.01%,14.11%
2024-11-06 14:21:14,minikube,0.00%,58.79%
2024-11-06 14:21:14,me-load_balancer-1,0.27%,0.85%
2024-11-06 14:21:14,me-blog-1,0.01%,14.11%
2024-11-06 14:21:27,minikube,0.00%,58.79%
2024-11-06 14:21:27,me-load_balancer-1,0.25%,0.85%
2024-11-06 14:21:27,me-blog-1,0.00%,14.11%
2024-11-06 14:21:39,minikube,0.00%,58.79%
2024-11-06 14:21:39,me-load_balancer-1,0.18%,0.85%
2024-11-06 14:21:39,me-blog-1,0.01%,14.11%
2024-11-06 14:21:52,minikube,0.00%,58.78%
2024-11-06 14:21:52,me-load_balancer-1,0.17%,0.85%
2024-11-06 14:21:52,me-blog-1,0.00%,14.11%
2024-11-06 14:22:04,minikube,0.00%,58.78%
2024-11-06 14:22:04,me-load_balancer-1,0.15%,0.85%
2024-11-06 14:22:04,me-blog-1,0.00%,14.11%
2024-11-06 14:22:17,minikube,0.00%,58.78%
2024-11-06 14:22:17,me-load_balancer-1,0.20%,0.85%
2024-11-06 14:22:17,me-blog-1,0.01%,14.11%
2024-11-06 14:22:29,minikube,0.00%,58.78%
2024-11-06 14:22:29,me-load_balancer-1,0.23%,0.85%
2024-11-06 14:22:29,me-blog-1,0.01%,14.11%
2024-11-06 14:22:42,minikube,0.00%,58.78%
2024-11-06 14:22:42,me-load_balancer-1,0.20%,0.85%
2024-11-06 14:22:42,me-blog-1,0.01%,14.11%
2024-11-06 14:22:54,minikube,0.00%,58.78%
2024-11-06 14:22:54,me-load_balancer-1,0.18%,0.85%
2024-11-06 14:22:54,me-blog-1,0.00%,14.11%
2024-11-06 14:23:07,minikube,0.00%,58.78%
2024-11-06 14:23:07,me-load_balancer-1,0.17%,0.85%
2024-11-06 14:23:07,me-blog-1,0.00%,14.11%
2024-11-06 14:23:20,minikube,0.00%,58.78%
2024-11-06 14:23:20,me-load_balancer-1,0.20%,0.85%
2024-11-06 14:23:20,me-blog-1,0.00%,14.11%
2024-11-06 14:23:32,minikube,0.00%,58.78%
2024-11-06 14:23:32,me-load_balancer-1,0.20%,0.85%
2024-11-06 14:23:32,me-blog-1,0.01%,14.11%
2024-11-06 14:23:45,minikube,0.00%,58.78%
2024-11-06 14:23:45,me-load_balancer-1,0.22%,0.85%
2024-11-06 14:23:45,me-blog-1,0.01%,14.11%
2024-11-06 14:23:57,minikube,0.00%,58.78%
2024-11-06 14:23:57,me-load_balancer-1,0.17%,0.85%
2024-11-06 14:23:57,me-blog-1,0.00%,14.11%
2024-11-06 14:24:10,minikube,0.00%,58.78%
2024-11-06 14:24:10,me-load_balancer-1,0.24%,0.85%
2024-11-06 14:24:10,me-blog-1,0.01%,14.11%
2024-11-06 14:24:22,minikube,0.00%,58.78%
2024-11-06 14:24:22,me-load_balancer-1,0.20%,0.85%
2024-11-06 14:24:22,me-blog-1,0.00%,14.11%
2024-11-06 14:24:35,minikube,0.00%,58.78%
2024-11-06 14:24:35,me-load_balancer-1,0.28%,0.85%
2024-11-06 14:24:35,me-blog-1,0.01%,14.11%
2024-11-06 14:24:47,minikube,0.00%,58.78%
2024-11-06 14:24:47,me-load_balancer-1,0.24%,0.85%
2024-11-06 14:24:47,me-blog-1,0.00%,14.11%
2024-11-06 14:25:00,minikube,0.00%,58.78%
2024-11-06 14:25:00,me-load_balancer-1,0.18%,0.85%
2024-11-06 14:25:00,me-blog-1,0.01%,14.11%
2024-11-06 14:25:12,minikube,0.00%,58.78%
2024-11-06 14:25:12,me-load_balancer-1,0.15%,0.85%
2024-11-06 14:25:12,me-blog-1,0.01%,14.11%
2024-11-06 14:25:25,minikube,0.00%,58.78%
2024-11-06 14:25:25,me-load_balancer-1,0.19%,0.85%
2024-11-06 14:25:25,me-blog-1,0.01%,14.11%
2024-11-06 14:25:38,minikube,0.00%,58.78%
2024-11-06 14:25:38,me-load_balancer-1,0.24%,0.85%
2024-11-06 14:25:38,me-blog-1,0.00%,14.11%
2024-11-06 14:25:50,minikube,0.00%,58.78%
2024-11-06 14:25:50,me-load_balancer-1,0.34%,0.85%
2024-11-06 14:25:50,me-blog-1,0.01%,14.11%
2024-11-06 14:26:03,minikube,0.00%,58.78%
2024-11-06 14:26:03,me-load_balancer-1,0.25%,0.85%
2024-11-06 14:26:03,me-blog-1,0.01%,14.11%
2024-11-06 14:26:15,minikube,0.00%,58.78%
2024-11-06 14:26:15,me-load_balancer-1,0.16%,0.85%
2024-11-06 14:26:15,me-blog-1,0.00%,14.11%
2024-11-06 14:26:28,minikube,0.00%,58.78%
2024-11-06 14:26:28,me-load_balancer-1,0.21%,0.85%
2024-11-06 14:26:28,me-blog-1,0.01%,14.11%
2024-11-06 14:26:40,minikube,0.00%,58.78%
2024-11-06 14:26:40,me-load_balancer-1,0.37%,0.85%
2024-11-06 14:26:40,me-blog-1,0.00%,14.11%
2024-11-06 14:26:53,minikube,0.00%,58.78%
2024-11-06 14:26:53,me-load_balancer-1,0.25%,0.85%
2024-11-06 14:26:53,me-blog-1,0.00%,14.11%
2024-11-06 14:27:05,minikube,0.00%,58.78%
2024-11-06 14:27:05,me-load_balancer-1,0.27%,0.85%
2024-11-06 14:27:05,me-blog-1,0.01%,14.11%
2024-11-06 14:27:18,minikube,0.00%,58.78%
2024-11-06 14:27:18,me-load_balancer-1,0.22%,0.85%
2024-11-06 14:27:18,me-blog-1,0.00%,14.11%
2024-11-06 14:27:30,minikube,0.00%,58.78%
2024-11-06 14:27:30,me-load_balancer-1,0.28%,0.85%
2024-11-06 14:27:30,me-blog-1,0.00%,14.11%
2024-11-06 14:27:43,minikube,0.00%,58.79%
2024-11-06 14:27:43,me-load_balancer-1,0.22%,0.85%
2024-11-06 14:27:43,me-blog-1,0.01%,14.11%
2024-11-06 14:27:56,minikube,0.00%,58.79%
2024-11-06 14:27:56,me-load_balancer-1,0.16%,0.85%
2024-11-06 14:27:56,me-blog-1,0.00%,14.11%
2024-11-06 14:28:08,minikube,0.00%,58.79%
2024-11-06 14:28:08,me-load_balancer-1,0.21%,0.85%
2024-11-06 14:28:08,me-blog-1,0.01%,14.11%
2024-11-06 14:28:21,minikube,0.00%,58.79%
2024-11-06 14:28:21,me-load_balancer-1,0.31%,0.85%
2024-11-06 14:28:21,me-blog-1,0.00%,14.11%
2024-11-06 14:28:33,minikube,0.00%,58.79%
2024-11-06 14:28:33,me-load_balancer-1,0.18%,0.85%
2024-11-06 14:28:33,me-blog-1,0.01%,14.11%
2024-11-06 14:28:46,minikube,0.00%,58.79%
2024-11-06 14:28:46,me-load_balancer-1,0.20%,0.85%
2024-11-06 14:28:46,me-blog-1,0.00%,14.11%
2024-11-06 14:28:58,minikube,0.00%,58.79%
2024-11-06 14:28:58,me-load_balancer-1,0.24%,0.85%
2024-11-06 14:28:58,me-blog-1,0.01%,14.11%
2024-11-06 14:29:11,minikube,0.00%,58.79%
2024-11-06 14:29:11,me-load_balancer-1,0.24%,0.85%
2024-11-06 14:29:11,me-blog-1,0.00%,14.11%
2024-11-06 14:29:23,minikube,0.00%,58.79%
2024-11-06 14:29:23,me-load_balancer-1,0.17%,0.85%
2024-11-06 14:29:23,me-blog-1,0.00%,14.11%
2024-11-06 14:29:36,minikube,0.00%,58.79%
2024-11-06 14:29:36,me-load_balancer-1,0.24%,0.85%
2024-11-06 14:29:36,me-blog-1,0.01%,14.11%
2024-11-06 14:29:48,minikube,0.00%,58.79%
2024-11-06 14:29:48,me-load_balancer-1,0.26%,0.85%
2024-11-06 14:29:48,me-blog-1,0.01%,14.11%
2024-11-06 14:30:01,minikube,0.00%,58.79%
2024-11-06 14:30:01,me-load_balancer-1,0.21%,0.85%
2024-11-06 14:30:01,me-blog-1,0.00%,14.11%
2024-11-06 14:30:13,minikube,0.00%,58.79%
2024-11-06 14:30:13,me-load_balancer-1,0.22%,0.85%
2024-11-06 14:30:13,me-blog-1,0.00%,14.11%
2024-11-06 14:30:26,minikube,0.00%,58.79%
2024-11-06 14:30:26,me-load_balancer-1,0.21%,0.85%
2024-11-06 14:30:26,me-blog-1,0.01%,14.11%
2024-11-06 14:30:39,minikube,0.00%,58.79%
2024-11-06 14:30:39,me-load_balancer-1,0.24%,0.85%
2024-11-06 14:30:39,me-blog-1,0.01%,14.11%
2024-11-06 14:30:51,minikube,0.00%,58.79%
2024-11-06 14:30:51,me-load_balancer-1,0.25%,0.85%
2024-11-06 14:30:51,me-blog-1,0.01%,14.11%
2024-11-06 14:31:04,minikube,0.00%,58.79%
2024-11-06 14:31:04,me-load_balancer-1,0.19%,0.85%
2024-11-06 14:31:04,me-blog-1,0.01%,14.11%
2024-11-06 14:31:16,minikube,0.00%,58.79%
2024-11-06 14:31:16,me-load_balancer-1,0.20%,0.85%
2024-11-06 14:31:16,me-blog-1,0.00%,14.11%
2024-11-06 14:31:29,minikube,0.00%,58.79%
2024-11-06 14:31:29,me-load_balancer-1,0.27%,0.85%
2024-11-06 14:31:29,me-blog-1,0.01%,14.11%
2024-11-06 14:31:41,minikube,0.00%,58.79%
2024-11-06 14:31:41,me-load_balancer-1,0.15%,0.85%
2024-11-06 14:31:41,me-blog-1,0.00%,14.11%
2024-11-06 14:31:54,minikube,0.00%,58.79%
2024-11-06 14:31:54,me-load_balancer-1,0.20%,0.85%
2024-11-06 14:31:54,me-blog-1,0.01%,14.11%
2024-11-06 14:32:06,minikube,0.00%,58.79%
2024-11-06 14:32:06,me-load_balancer-1,0.26%,0.85%
2024-11-06 14:32:06,me-blog-1,0.01%,14.11%
2024-11-06 14:32:19,minikube,0.00%,58.79%
2024-11-06 14:32:19,me-load_balancer-1,0.24%,0.85%
2024-11-06 14:32:19,me-blog-1,0.01%,14.11%
2024-11-06 14:32:31,minikube,0.00%,58.79%
2024-11-06 14:32:31,me-load_balancer-1,0.27%,0.85%
2024-11-06 14:32:31,me-blog-1,0.01%,14.11%
2024-11-06 14:32:44,minikube,0.00%,58.79%
2024-11-06 14:32:44,me-load_balancer-1,0.25%,0.85%
2024-11-06 14:32:44,me-blog-1,0.00%,14.11%
2024-11-06 14:32:57,minikube,0.00%,58.79%
2024-11-06 14:32:57,me-load_balancer-1,0.27%,0.85%
2024-11-06 14:32:57,me-blog-1,0.01%,14.11%
2024-11-06 14:33:09,minikube,0.00%,58.79%
2024-11-06 14:33:09,me-load_balancer-1,0.26%,0.85%
2024-11-06 14:33:09,me-blog-1,0.01%,14.11%
2024-11-06 14:33:22,minikube,0.00%,58.79%
2024-11-06 14:33:22,me-load_balancer-1,0.24%,0.85%
2024-11-06 14:33:22,me-blog-1,0.01%,14.11%
2024-11-06 14:33:34,minikube,0.00%,58.79%
2024-11-06 14:33:34,me-load_balancer-1,0.24%,0.85%
2024-11-06 14:33:34,me-blog-1,0.01%,14.11%
2024-11-06 14:33:47,minikube,0.00%,58.79%
2024-11-06 14:33:47,me-load_balancer-1,0.26%,0.85%
2024-11-06 14:33:47,me-blog-1,0.01%,14.11%
2024-11-06 14:33:59,minikube,0.00%,58.79%
2024-11-06 14:33:59,me-load_balancer-1,0.26%,0.85%
2024-11-06 14:33:59,me-blog-1,0.01%,14.11%
2024-11-06 14:34:12,minikube,0.00%,58.79%
2024-11-06 14:34:12,me-load_balancer-1,0.25%,0.85%
2024-11-06 14:34:12,me-blog-1,0.01%,14.11%
2024-11-06 14:34:24,minikube,0.00%,58.79%
2024-11-06 14:34:24,me-load_balancer-1,0.20%,0.85%
2024-11-06 14:34:24,me-blog-1,0.01%,14.11%
2024-11-06 14:34:37,minikube,0.00%,58.79%
2024-11-06 14:34:37,me-load_balancer-1,0.23%,0.85%
2024-11-06 14:34:37,me-blog-1,0.00%,14.11%
2024-11-06 14:34:49,minikube,0.00%,58.79%
2024-11-06 14:34:49,me-load_balancer-1,0.16%,0.85%
2024-11-06 14:34:49,me-blog-1,0.00%,14.11%
2024-11-06 14:35:02,minikube,0.00%,58.79%
2024-11-06 14:35:02,me-load_balancer-1,0.26%,0.85%
2024-11-06 14:35:02,me-blog-1,0.01%,14.11%
2024-11-06 14:35:15,minikube,0.00%,58.79%
2024-11-06 14:35:15,me-load_balancer-1,0.28%,0.85%
2024-11-06 14:35:15,me-blog-1,0.00%,14.11%
2024-11-06 14:35:27,minikube,0.00%,58.79%
2024-11-06 14:35:27,me-load_balancer-1,0.26%,0.85%
2024-11-06 14:35:27,me-blog-1,0.01%,14.11%
2024-11-06 14:35:40,minikube,0.00%,58.79%
2024-11-06 14:35:40,me-load_balancer-1,0.22%,0.85%
2024-11-06 14:35:40,me-blog-1,0.00%,14.11%
2024-11-06 14:35:52,minikube,0.00%,58.79%
2024-11-06 14:35:52,me-load_balancer-1,0.23%,0.85%
2024-11-06 14:35:52,me-blog-1,0.01%,14.11%
2024-11-06 14:36:05,minikube,0.00%,58.79%
2024-11-06 14:36:05,me-load_balancer-1,0.19%,0.85%
2024-11-06 14:36:05,me-blog-1,0.01%,14.11%
2024-11-06 14:36:17,minikube,0.00%,58.79%
2024-11-06 14:36:17,me-load_balancer-1,0.25%,0.85%
2024-11-06 14:36:17,me-blog-1,0.00%,14.11%
2024-11-06 14:36:30,minikube,0.00%,58.79%
2024-11-06 14:36:30,me-load_balancer-1,0.25%,0.85%
2024-11-06 14:36:30,me-blog-1,0.01%,14.11%
2024-11-06 14:36:42,minikube,0.00%,58.79%
2024-11-06 14:36:42,me-load_balancer-1,0.27%,0.85%
2024-11-06 14:36:42,me-blog-1,0.00%,14.11%
2024-11-06 14:36:55,minikube,0.00%,58.79%
2024-11-06 14:36:55,me-load_balancer-1,0.24%,0.85%
2024-11-06 14:36:55,me-blog-1,0.02%,14.11%
2024-11-06 14:37:07,minikube,0.00%,58.79%
2024-11-06 14:37:07,me-load_balancer-1,0.28%,0.85%
2024-11-06 14:37:07,me-blog-1,0.00%,14.11%
2024-11-06 14:37:20,minikube,0.00%,58.79%
2024-11-06 14:37:20,me-load_balancer-1,0.19%,0.85%
2024-11-06 14:37:20,me-blog-1,0.01%,14.11%
2024-11-06 14:37:33,minikube,0.00%,58.79%
2024-11-06 14:37:33,me-load_balancer-1,0.24%,0.85%
2024-11-06 14:37:33,me-blog-1,0.00%,14.11%
2024-11-06 14:37:45,minikube,0.00%,58.79%
2024-11-06 14:37:45,me-load_balancer-1,0.25%,0.85%
2024-11-06 14:37:45,me-blog-1,0.00%,14.11%
2024-11-06 14:37:58,minikube,0.00%,58.79%
2024-11-06 14:37:58,me-load_balancer-1,0.19%,0.85%
2024-11-06 14:37:58,me-blog-1,0.00%,14.11%
2024-11-06 14:38:10,minikube,0.00%,58.79%
2024-11-06 14:38:10,me-load_balancer-1,0.23%,0.85%
2024-11-06 14:38:10,me-blog-1,0.01%,14.11%
2024-11-06 14:38:23,minikube,0.00%,58.79%
2024-11-06 14:38:23,me-load_balancer-1,0.21%,0.85%
2024-11-06 14:38:23,me-blog-1,0.01%,14.11%
2024-11-06 14:38:35,minikube,0.00%,58.79%
2024-11-06 14:38:35,me-load_balancer-1,0.20%,0.85%
2024-11-06 14:38:35,me-blog-1,0.01%,14.11%
2024-11-06 14:38:48,minikube,0.00%,58.79%
2024-11-06 14:38:48,me-load_balancer-1,0.25%,0.85%
2024-11-06 14:38:48,me-blog-1,0.01%,14.11%
2024-11-06 14:39:00,minikube,0.00%,58.79%
2024-11-06 14:39:00,me-load_balancer-1,0.40%,0.85%
2024-11-06 14:39:00,me-blog-1,0.01%,14.11%
2024-11-06 14:39:13,minikube,0.00%,58.79%
2024-11-06 14:39:13,me-load_balancer-1,0.24%,0.85%
2024-11-06 14:39:13,me-blog-1,0.01%,14.11%
2024-11-06 14:39:25,minikube,0.00%,58.79%
2024-11-06 14:39:25,me-load_balancer-1,0.19%,0.85%
2024-11-06 14:39:25,me-blog-1,0.00%,14.11%
2024-11-06 14:39:38,minikube,0.00%,58.79%
2024-11-06 14:39:38,me-load_balancer-1,0.21%,0.85%
2024-11-06 14:39:38,me-blog-1,0.00%,14.11%
2024-11-06 14:39:50,minikube,0.00%,58.79%
2024-11-06 14:39:50,me-load_balancer-1,0.22%,0.85%
2024-11-06 14:39:50,me-blog-1,0.01%,14.11%
2024-11-06 14:40:03,minikube,0.00%,58.79%
2024-11-06 14:40:03,me-load_balancer-1,0.22%,0.85%
2024-11-06 14:40:03,me-blog-1,0.00%,14.11%
2024-11-06 14:40:16,minikube,0.00%,58.79%
2024-11-06 14:40:16,me-load_balancer-1,0.23%,0.85%
2024-11-06 14:40:16,me-blog-1,0.01%,14.11%
2024-11-06 14:40:28,minikube,0.00%,58.79%
2024-11-06 14:40:28,me-load_balancer-1,0.27%,0.85%
2024-11-06 14:40:28,me-blog-1,0.01%,14.11%
2024-11-06 14:40:41,minikube,0.00%,58.79%
2024-11-06 14:40:41,me-load_balancer-1,0.40%,0.85%
2024-11-06 14:40:41,me-blog-1,0.00%,14.11%
2024-11-06 14:40:53,minikube,0.00%,58.79%
2024-11-06 14:40:53,me-load_balancer-1,0.32%,0.85%
2024-11-06 14:40:53,me-blog-1,0.01%,14.11%
2024-11-06 14:41:06,minikube,0.00%,58.79%
2024-11-06 14:41:06,me-load_balancer-1,0.16%,0.85%
2024-11-06 14:41:06,me-blog-1,0.00%,14.11%
2024-11-06 14:41:18,minikube,0.00%,58.79%
2024-11-06 14:41:18,me-load_balancer-1,0.29%,0.85%
2024-11-06 14:41:18,me-blog-1,0.01%,14.11%
2024-11-06 14:41:31,minikube,0.00%,58.79%
2024-11-06 14:41:31,me-load_balancer-1,0.38%,0.85%
2024-11-06 14:41:31,me-blog-1,0.00%,14.11%
2024-11-06 14:41:43,minikube,0.00%,58.79%
2024-11-06 14:41:43,me-load_balancer-1,0.30%,0.85%
2024-11-06 14:41:43,me-blog-1,0.00%,14.11%
2024-11-06 14:41:56,minikube,0.00%,58.79%
2024-11-06 14:41:56,me-load_balancer-1,0.22%,0.85%
2024-11-06 14:41:56,me-blog-1,0.01%,14.11%
2024-11-06 14:42:09,minikube,0.00%,58.79%
2024-11-06 14:42:09,me-load_balancer-1,0.24%,0.85%
2024-11-06 14:42:09,me-blog-1,0.00%,14.11%
2024-11-06 14:42:21,minikube,0.00%,58.79%
2024-11-06 14:42:21,me-load_balancer-1,0.27%,0.85%
2024-11-06 14:42:21,me-blog-1,0.00%,14.11%
2024-11-06 14:42:34,minikube,0.00%,58.79%
2024-11-06 14:42:34,me-load_balancer-1,0.20%,0.85%
2024-11-06 14:42:34,me-blog-1,0.00%,14.11%
2024-11-06 14:42:46,minikube,0.00%,58.79%
2024-11-06 14:42:46,me-load_balancer-1,0.22%,0.85%
2024-11-06 14:42:46,me-blog-1,0.01%,14.11%
2024-11-06 14:42:59,minikube,0.00%,58.79%
2024-11-06 14:42:59,me-load_balancer-1,0.26%,0.85%
2024-11-06 14:42:59,me-blog-1,0.01%,14.11%
2024-11-06 14:43:11,minikube,0.00%,58.79%
2024-11-06 14:43:11,me-load_balancer-1,0.28%,0.85%
2024-11-06 14:43:11,me-blog-1,0.01%,14.11%
2024-11-06 14:43:24,minikube,0.00%,58.79%
2024-11-06 14:43:24,me-load_balancer-1,0.26%,0.85%
2024-11-06 14:43:24,me-blog-1,0.01%,14.11%
2024-11-06 14:43:36,minikube,0.00%,58.79%
2024-11-06 14:43:36,me-load_balancer-1,0.25%,0.85%
2024-11-06 14:43:36,me-blog-1,0.01%,14.11%
2024-11-06 14:43:49,minikube,0.00%,58.79%
2024-11-06 14:43:49,me-load_balancer-1,0.25%,0.85%
2024-11-06 14:43:49,me-blog-1,0.00%,14.11%
2024-11-06 14:44:01,minikube,0.00%,58.79%
2024-11-06 14:44:01,me-load_balancer-1,0.27%,0.85%
2024-11-06 14:44:01,me-blog-1,0.00%,14.11%
2024-11-06 14:44:14,minikube,0.00%,58.79%
2024-11-06 14:44:14,me-load_balancer-1,0.26%,0.85%
2024-11-06 14:44:14,me-blog-1,0.01%,14.11%
2024-11-06 14:44:26,minikube,0.00%,58.79%
2024-11-06 14:44:26,me-load_balancer-1,0.28%,0.85%
2024-11-06 14:44:26,me-blog-1,0.01%,14.11%
2024-11-06 14:44:39,minikube,0.00%,58.79%
2024-11-06 14:44:39,me-load_balancer-1,0.26%,0.85%
2024-11-06 14:44:39,me-blog-1,0.01%,14.11%
2024-11-06 14:44:52,minikube,0.00%,58.79%
2024-11-06 14:44:52,me-load_balancer-1,0.22%,0.85%
2024-11-06 14:44:52,me-blog-1,0.01%,14.11%
2024-11-06 14:45:04,minikube,0.00%,58.79%
2024-11-06 14:45:04,me-load_balancer-1,0.19%,0.85%
2024-11-06 14:45:04,me-blog-1,0.00%,14.11%
2024-11-06 14:45:17,minikube,0.00%,58.79%
2024-11-06 14:45:17,me-load_balancer-1,0.25%,0.85%
2024-11-06 14:45:17,me-blog-1,0.01%,14.11%
2024-11-06 14:45:29,minikube,0.00%,58.79%
2024-11-06 14:45:29,me-load_balancer-1,0.22%,0.85%
2024-11-06 14:45:29,me-blog-1,0.01%,14.11%
2024-11-06 14:45:42,minikube,0.00%,58.79%
2024-11-06 14:45:42,me-load_balancer-1,0.26%,0.85%
2024-11-06 14:45:42,me-blog-1,0.00%,14.11%
2024-11-06 14:45:54,minikube,0.00%,58.79%
2024-11-06 14:45:54,me-load_balancer-1,0.27%,0.85%
2024-11-06 14:45:54,me-blog-1,0.01%,14.11%
2024-11-06 14:46:07,minikube,0.00%,58.79%
2024-11-06 14:46:07,me-load_balancer-1,0.27%,0.85%
2024-11-06 14:46:07,me-blog-1,0.01%,14.11%
2024-11-06 14:46:19,minikube,0.00%,58.79%
2024-11-06 14:46:19,me-load_balancer-1,0.27%,0.85%
2024-11-06 14:46:19,me-blog-1,0.01%,14.11%
2024-11-06 14:46:32,minikube,0.00%,58.79%
2024-11-06 14:46:32,me-load_balancer-1,0.23%,0.85%
2024-11-06 14:46:32,me-blog-1,0.01%,14.11%
2024-11-06 14:46:44,minikube,0.00%,58.79%
2024-11-06 14:46:44,me-load_balancer-1,0.26%,0.85%
2024-11-06 14:46:44,me-blog-1,0.01%,14.11%
2024-11-06 14:46:57,minikube,0.00%,58.79%
2024-11-06 14:46:57,me-load_balancer-1,0.25%,0.85%
2024-11-06 14:46:57,me-blog-1,0.00%,14.11%
2024-11-06 14:47:10,minikube,0.00%,58.79%
2024-11-06 14:47:10,me-load_balancer-1,0.22%,0.85%
2024-11-06 14:47:10,me-blog-1,0.00%,14.11%
2024-11-06 14:47:22,minikube,0.00%,58.79%
2024-11-06 14:47:22,me-load_balancer-1,0.20%,0.85%
2024-11-06 14:47:22,me-blog-1,0.00%,14.11%
2024-11-06 14:47:35,minikube,11.47%,59.96%
2024-11-06 14:47:35,me-load_balancer-1,0.17%,0.85%
2024-11-06 14:47:35,me-blog-1,0.01%,14.11%
2024-11-06 14:47:47,minikube,15.42%,60.19%
2024-11-06 14:47:47,me-load_balancer-1,0.15%,0.85%
2024-11-06 14:47:47,me-blog-1,0.00%,14.11%
2024-11-06 14:48:00,minikube,47.21%,60.21%
2024-11-06 14:48:00,me-load_balancer-1,0.11%,0.85%
2024-11-06 14:48:00,me-blog-1,0.00%,14.11%
2024-11-06 14:48:12,minikube,10.50%,60.23%
2024-11-06 14:48:12,me-load_balancer-1,0.20%,0.85%
2024-11-06 14:48:12,me-blog-1,0.01%,14.11%
2024-11-06 14:48:25,minikube,14.70%,60.27%
2024-11-06 14:48:25,me-load_balancer-1,0.14%,0.85%
2024-11-06 14:48:25,me-blog-1,0.01%,14.11%
2024-11-06 14:48:37,minikube,14.30%,60.39%
2024-11-06 14:48:37,me-load_balancer-1,0.14%,0.85%
2024-11-06 14:48:37,me-blog-1,0.00%,14.11%
2024-11-06 14:48:50,minikube,10.36%,60.39%
2024-11-06 14:48:50,me-load_balancer-1,0.12%,0.85%
2024-11-06 14:48:50,me-blog-1,0.00%,14.11%
2024-11-06 14:49:02,minikube,9.37%,60.50%
2024-11-06 14:49:02,me-load_balancer-1,0.19%,0.85%
2024-11-06 14:49:02,me-blog-1,0.00%,14.11%
2024-11-06 14:49:15,minikube,10.99%,60.51%
2024-11-06 14:49:15,me-load_balancer-1,0.12%,0.85%
2024-11-06 14:49:15,me-blog-1,0.00%,14.11%
2024-11-06 14:49:27,minikube,17.59%,60.61%
2024-11-06 14:49:27,me-load_balancer-1,0.22%,0.85%
2024-11-06 14:49:27,me-blog-1,0.01%,14.11%
2024-11-06 14:49:40,minikube,9.23%,60.60%
2024-11-06 14:49:40,me-load_balancer-1,0.11%,0.85%
2024-11-06 14:49:40,me-blog-1,0.00%,14.11%
2024-11-06 14:49:52,minikube,9.28%,60.68%
2024-11-06 14:49:52,me-load_balancer-1,0.14%,0.85%
2024-11-06 14:49:52,me-blog-1,0.01%,14.11%
2024-11-06 14:50:05,minikube,12.26%,60.75%
2024-11-06 14:50:05,me-load_balancer-1,0.12%,0.85%
2024-11-06 14:50:05,me-blog-1,0.01%,14.11%
2024-11-06 14:50:18,minikube,16.54%,60.78%
2024-11-06 14:50:18,me-load_balancer-1,0.20%,0.85%
2024-11-06 14:50:18,me-blog-1,0.01%,14.11%
2024-11-06 14:50:30,minikube,11.71%,60.73%
2024-11-06 14:50:30,me-load_balancer-1,0.13%,0.85%
2024-11-06 14:50:30,me-blog-1,0.00%,14.11%
2024-11-06 14:50:43,minikube,10.75%,60.75%
2024-11-06 14:50:43,me-load_balancer-1,0.14%,0.85%
2024-11-06 14:50:43,me-blog-1,0.00%,14.11%
2024-11-06 14:50:55,minikube,10.58%,60.79%
2024-11-06 14:50:55,me-load_balancer-1,0.10%,0.85%
2024-11-06 14:50:55,me-blog-1,0.00%,14.11%
2024-11-06 15:02:54,minikube,60.64%,61.59%
2024-11-06 15:02:54,me-load_balancer-1,0.12%,0.85%
2024-11-06 15:02:54,me-blog-1,0.00%,14.11%
2024-11-06 15:03:07,minikube,10.87%,61.45%
2024-11-06 15:03:07,me-load_balancer-1,0.17%,0.85%
2024-11-06 15:03:07,me-blog-1,0.00%,14.11%
2024-11-06 15:03:20,minikube,12.30%,61.45%
2024-11-06 15:03:20,me-load_balancer-1,0.22%,0.85%
2024-11-06 15:03:20,me-blog-1,0.01%,14.11%
2024-11-06 15:03:33,minikube,12.71%,61.40%
2024-11-06 15:03:33,me-load_balancer-1,0.18%,0.85%
2024-11-06 15:03:33,me-blog-1,0.00%,14.11%
2024-11-06 15:03:45,minikube,10.88%,61.52%
2024-11-06 15:03:45,me-load_balancer-1,0.22%,0.85%
2024-11-06 15:03:45,me-blog-1,0.00%,14.11%
2024-11-06 15:03:58,minikube,9.63%,61.65%
2024-11-06 15:03:58,me-load_balancer-1,0.19%,0.85%
2024-11-06 15:03:58,me-blog-1,0.00%,14.11%
2024-11-06 15:04:10,minikube,15.60%,61.71%
2024-11-06 15:04:10,me-load_balancer-1,0.18%,0.85%
2024-11-06 15:04:10,me-blog-1,0.01%,14.11%
2024-11-06 15:04:23,minikube,13.79%,61.66%
2024-11-06 15:04:23,me-load_balancer-1,0.21%,0.85%
2024-11-06 15:04:23,me-blog-1,0.00%,14.11%
2024-11-06 15:04:35,minikube,11.90%,61.90%
2024-11-06 15:04:35,me-load_balancer-1,0.20%,0.85%
2024-11-06 15:04:35,me-blog-1,0.01%,14.11%
2024-11-06 15:04:48,minikube,10.72%,62.05%
2024-11-06 15:04:48,me-load_balancer-1,0.19%,0.85%
2024-11-06 15:04:48,me-blog-1,0.00%,14.11%
2024-11-06 15:05:01,minikube,13.13%,62.05%
2024-11-06 15:05:01,me-load_balancer-1,0.21%,0.85%
2024-11-06 15:05:01,me-blog-1,0.00%,14.11%
2024-11-06 15:05:13,minikube,13.38%,62.07%
2024-11-06 15:05:13,me-load_balancer-1,0.29%,0.85%
2024-11-06 15:05:13,me-blog-1,0.01%,14.11%
2024-11-06 15:05:26,minikube,10.99%,62.10%
2024-11-06 15:05:26,me-load_balancer-1,0.24%,0.85%
2024-11-06 15:05:26,me-blog-1,0.00%,14.11%
2024-11-06 15:05:38,minikube,15.37%,62.15%
2024-11-06 15:05:38,me-load_balancer-1,0.11%,0.85%
2024-11-06 15:05:38,me-blog-1,0.01%,14.11%
2024-11-06 15:05:51,minikube,13.85%,62.02%
2024-11-06 15:05:51,me-load_balancer-1,0.19%,0.85%
2024-11-06 15:05:51,me-blog-1,0.01%,14.11%
2024-11-06 15:06:03,minikube,11.62%,62.06%
2024-11-06 15:06:03,me-load_balancer-1,0.14%,0.85%
2024-11-06 15:06:03,me-blog-1,0.00%,14.11%
2024-11-06 15:06:16,minikube,12.48%,62.12%
2024-11-06 15:06:16,me-load_balancer-1,0.21%,0.85%
2024-11-06 15:06:16,me-blog-1,0.01%,14.11%
2024-11-06 15:06:29,minikube,12.53%,62.06%
2024-11-06 15:06:29,me-load_balancer-1,0.16%,0.85%
2024-11-06 15:06:29,me-blog-1,0.00%,14.11%
2024-11-06 15:06:41,minikube,9.70%,62.08%
2024-11-06 15:06:41,me-load_balancer-1,0.19%,0.85%
2024-11-06 15:06:41,me-blog-1,0.00%,14.11%
2024-11-06 15:06:54,minikube,25.17%,62.07%
2024-11-06 15:06:54,me-load_balancer-1,0.12%,0.85%
2024-11-06 15:06:54,me-blog-1,0.00%,14.11%
2024-11-06 15:07:06,minikube,12.94%,62.08%
2024-11-06 15:07:06,me-load_balancer-1,0.13%,0.85%
2024-11-06 15:07:06,me-blog-1,0.00%,14.11%
2024-11-06 15:07:19,minikube,12.18%,62.18%
2024-11-06 15:07:19,me-load_balancer-1,0.19%,0.85%
2024-11-06 15:07:19,me-blog-1,0.00%,14.11%
2024-11-06 15:07:32,minikube,8.87%,62.08%
2024-11-06 15:07:32,me-load_balancer-1,0.14%,0.85%
2024-11-06 15:07:32,me-blog-1,0.00%,14.11%
2024-11-06 15:07:44,minikube,11.43%,62.16%
2024-11-06 15:07:44,me-load_balancer-1,0.11%,0.85%
2024-11-06 15:07:44,me-blog-1,0.00%,14.11%
2024-11-06 15:07:57,minikube,9.40%,62.10%
2024-11-06 15:07:57,me-load_balancer-1,0.13%,0.85%
2024-11-06 15:07:57,me-blog-1,0.00%,14.11%
2024-11-06 15:08:09,minikube,10.71%,62.13%
2024-11-06 15:08:09,me-load_balancer-1,0.16%,0.85%
2024-11-06 15:08:09,me-blog-1,0.00%,14.11%
2024-11-06 15:08:22,minikube,9.55%,62.11%
2024-11-06 15:08:22,me-load_balancer-1,0.13%,0.85%
2024-11-06 15:08:22,me-blog-1,0.00%,14.11%
2024-11-06 15:08:35,minikube,15.16%,62.05%
2024-11-06 15:08:35,me-load_balancer-1,0.16%,0.85%
2024-11-06 15:08:35,me-blog-1,0.01%,14.11%
2024-11-06 15:08:47,minikube,12.64%,62.09%
2024-11-06 15:08:47,me-load_balancer-1,0.18%,0.85%
2024-11-06 15:08:47,me-blog-1,0.00%,14.11%
2024-11-06 15:09:00,minikube,17.64%,62.12%
2024-11-06 15:09:00,me-load_balancer-1,0.17%,0.85%
2024-11-06 15:09:00,me-blog-1,0.01%,14.11%
2024-11-06 15:09:12,minikube,8.00%,62.15%
2024-11-06 15:09:12,me-load_balancer-1,0.10%,0.85%
2024-11-06 15:09:12,me-blog-1,0.00%,14.11%
2024-11-06 15:09:25,minikube,17.26%,62.07%
2024-11-06 15:09:25,me-load_balancer-1,0.10%,0.85%
2024-11-06 15:09:25,me-blog-1,0.01%,14.11%
2024-11-06 15:09:37,minikube,9.55%,61.91%
2024-11-06 15:09:37,me-load_balancer-1,0.18%,0.85%
2024-11-06 15:09:37,me-blog-1,0.00%,14.11%
2024-11-06 15:09:50,minikube,15.36%,61.94%
2024-11-06 15:09:50,me-load_balancer-1,0.11%,0.85%
2024-11-06 15:09:50,me-blog-1,0.00%,14.11%
2024-11-06 15:10:03,minikube,15.15%,61.96%
2024-11-06 15:10:03,me-load_balancer-1,0.26%,0.85%
2024-11-06 15:10:03,me-blog-1,0.00%,14.11%
2024-11-06 15:10:15,minikube,12.62%,61.97%
2024-11-06 15:10:15,me-load_balancer-1,0.10%,0.85%
2024-11-06 15:10:15,me-blog-1,0.00%,14.11%
2024-11-06 15:10:28,minikube,11.74%,62.01%
2024-11-06 15:10:28,me-load_balancer-1,0.19%,0.85%
2024-11-06 15:10:28,me-blog-1,0.00%,14.11%
2024-11-06 15:10:40,minikube,12.45%,61.96%
2024-11-06 15:10:40,me-load_balancer-1,0.14%,0.85%
2024-11-06 15:10:40,me-blog-1,0.01%,14.11%
2024-11-06 15:10:53,minikube,15.41%,61.98%
2024-11-06 15:10:53,me-load_balancer-1,0.39%,0.85%
2024-11-06 15:10:53,me-blog-1,0.00%,14.11%
2024-11-06 15:11:06,minikube,13.36%,62.02%
2024-11-06 15:11:06,me-load_balancer-1,0.11%,0.85%
2024-11-06 15:11:06,me-blog-1,0.01%,14.11%
2024-11-06 15:11:18,minikube,10.07%,62.02%
2024-11-06 15:11:18,me-load_balancer-1,0.13%,0.85%
2024-11-06 15:11:18,me-blog-1,0.00%,14.11%
2024-11-06 15:11:31,minikube,10.27%,62.00%
2024-11-06 15:11:31,me-load_balancer-1,0.13%,0.85%
2024-11-06 15:11:31,me-blog-1,0.00%,14.11%
2024-11-06 15:11:43,minikube,9.12%,62.01%
2024-11-06 15:11:43,me-load_balancer-1,0.33%,0.85%
2024-11-06 15:11:43,me-blog-1,0.00%,14.11%
2024-11-06 15:11:56,minikube,14.96%,61.85%
2024-11-06 15:11:56,me-load_balancer-1,0.14%,0.85%
2024-11-06 15:11:56,me-blog-1,0.00%,14.11%
2024-11-06 15:12:08,minikube,10.91%,61.83%
2024-11-06 15:12:08,me-load_balancer-1,0.12%,0.85%
2024-11-06 15:12:08,me-blog-1,0.00%,14.11%
2024-11-06 15:12:21,minikube,10.99%,61.82%
2024-11-06 15:12:21,me-load_balancer-1,0.16%,0.85%
2024-11-06 15:12:21,me-blog-1,0.00%,14.11%
2024-11-06 15:12:34,minikube,8.25%,61.81%
2024-11-06 15:12:34,me-load_balancer-1,0.13%,0.85%
2024-11-06 15:12:34,me-blog-1,0.01%,14.11%
2024-11-06 15:12:46,minikube,24.27%,61.87%
2024-11-06 15:12:46,me-load_balancer-1,0.13%,0.85%
2024-11-06 15:12:46,me-blog-1,0.01%,14.11%
2024-11-06 15:12:59,minikube,12.47%,61.77%
2024-11-06 15:12:59,me-load_balancer-1,0.14%,0.85%
2024-11-06 15:12:59,me-blog-1,0.00%,14.11%
2024-11-06 15:13:11,minikube,10.77%,61.91%
2024-11-06 15:13:11,me-load_balancer-1,0.11%,0.85%
2024-11-06 15:13:11,me-blog-1,0.01%,14.11%
2024-11-06 15:13:24,minikube,11.10%,61.90%
2024-11-06 15:13:24,me-load_balancer-1,0.12%,0.85%
2024-11-06 15:13:24,me-blog-1,0.00%,14.11%
2024-11-06 15:13:36,minikube,17.20%,61.84%
2024-11-06 15:13:36,me-load_balancer-1,0.19%,0.85%
2024-11-06 15:13:36,me-blog-1,0.00%,14.11%
2024-11-06 15:13:49,minikube,9.83%,61.89%
2024-11-06 15:13:49,me-load_balancer-1,0.14%,0.85%
2024-11-06 15:13:49,me-blog-1,0.00%,14.11%
2024-11-06 15:14:02,minikube,7.72%,61.84%
2024-11-06 15:14:02,me-load_balancer-1,0.13%,0.85%
2024-11-06 15:14:02,me-blog-1,0.00%,14.11%
2024-11-06 15:14:14,minikube,15.77%,61.91%
2024-11-06 15:14:14,me-load_balancer-1,0.15%,0.85%
2024-11-06 15:14:14,me-blog-1,0.00%,14.11%
2024-11-06 15:14:27,minikube,14.62%,61.98%
2024-11-06 15:14:27,me-load_balancer-1,0.25%,0.85%
2024-11-06 15:14:27,me-blog-1,0.01%,14.11%
2024-11-06 15:14:39,minikube,12.31%,61.93%
2024-11-06 15:14:39,me-load_balancer-1,0.10%,0.85%
2024-11-06 15:14:39,me-blog-1,0.01%,14.11%
2024-11-06 15:14:52,minikube,12.15%,61.82%
2024-11-06 15:14:52,me-load_balancer-1,0.21%,0.85%
2024-11-06 15:14:52,me-blog-1,0.00%,14.11%
2024-11-06 15:15:04,minikube,22.01%,61.84%
2024-11-06 15:15:04,me-load_balancer-1,0.22%,0.85%
2024-11-06 15:15:04,me-blog-1,0.00%,14.11%
2024-11-06 15:15:17,minikube,11.56%,61.92%
2024-11-06 15:15:17,me-load_balancer-1,0.23%,0.85%
2024-11-06 15:15:17,me-blog-1,0.00%,14.11%
2024-11-06 15:15:30,minikube,12.37%,61.84%
2024-11-06 15:15:30,me-load_balancer-1,0.15%,0.85%
2024-11-06 15:15:30,me-blog-1,0.00%,14.11%
2024-11-06 15:15:42,minikube,11.70%,61.90%
2024-11-06 15:15:42,me-load_balancer-1,0.20%,0.85%
2024-11-06 15:15:42,me-blog-1,0.00%,14.11%
2024-11-06 15:15:55,minikube,15.89%,61.88%
2024-11-06 15:15:55,me-load_balancer-1,0.16%,0.85%
2024-11-06 15:15:55,me-blog-1,0.00%,14.11%
2024-11-06 15:16:07,minikube,12.81%,61.95%
2024-11-06 15:16:07,me-load_balancer-1,0.16%,0.85%
2024-11-06 15:16:07,me-blog-1,0.01%,14.11%
2024-11-06 15:16:20,minikube,13.73%,61.92%
2024-11-06 15:16:20,me-load_balancer-1,0.21%,0.85%
2024-11-06 15:16:20,me-blog-1,0.00%,14.11%
2024-11-06 15:16:33,minikube,10.49%,61.93%
2024-11-06 15:16:33,me-load_balancer-1,0.20%,0.85%
2024-11-06 15:16:33,me-blog-1,0.00%,14.11%
2024-11-06 15:16:45,minikube,11.82%,61.91%
2024-11-06 15:16:45,me-load_balancer-1,0.21%,0.85%
2024-11-06 15:16:45,me-blog-1,0.01%,14.11%
2024-11-06 15:16:58,minikube,9.89%,61.90%
2024-11-06 15:16:58,me-load_balancer-1,0.12%,0.85%
2024-11-06 15:16:58,me-blog-1,0.00%,14.11%
2024-11-06 15:17:10,minikube,11.68%,61.92%
2024-11-06 15:17:10,me-load_balancer-1,0.20%,0.85%
2024-11-06 15:17:10,me-blog-1,0.00%,14.11%
2024-11-06 15:17:23,minikube,10.11%,61.94%
2024-11-06 15:17:23,me-load_balancer-1,0.22%,0.85%
2024-11-06 15:17:23,me-blog-1,0.00%,14.11%
2024-11-06 15:17:35,minikube,10.47%,61.88%
2024-11-06 15:17:35,me-load_balancer-1,0.17%,0.85%
2024-11-06 15:17:35,me-blog-1,0.00%,14.11%
2024-11-06 15:17:48,minikube,12.27%,61.89%
2024-11-06 15:17:48,me-load_balancer-1,0.16%,0.85%
2024-11-06 15:17:48,me-blog-1,0.01%,14.11%
2024-11-06 15:18:01,minikube,10.82%,61.88%
2024-11-06 15:18:01,me-load_balancer-1,0.19%,0.85%
2024-11-06 15:18:01,me-blog-1,0.01%,14.11%
2024-11-06 15:18:13,minikube,12.05%,61.91%
2024-11-06 15:18:13,me-load_balancer-1,0.30%,0.85%
2024-11-06 15:18:13,me-blog-1,0.01%,14.11%
2024-11-06 15:18:26,minikube,10.76%,61.91%
2024-11-06 15:18:26,me-load_balancer-1,0.13%,0.85%
2024-11-06 15:18:26,me-blog-1,0.00%,14.11%
2024-11-06 15:18:38,minikube,11.47%,61.90%
2024-11-06 15:18:38,me-load_balancer-1,0.16%,0.85%
2024-11-06 15:18:38,me-blog-1,0.00%,14.11%
2024-11-06 15:18:51,minikube,13.15%,61.84%
2024-11-06 15:18:51,me-load_balancer-1,0.10%,0.85%
2024-11-06 15:18:51,me-blog-1,0.00%,14.11%
2024-11-06 15:19:04,minikube,7.72%,61.86%
2024-11-06 15:19:04,me-load_balancer-1,0.11%,0.85%
2024-11-06 15:19:04,me-blog-1,0.00%,14.11%
2024-11-06 15:19:16,minikube,11.40%,61.88%
2024-11-06 15:19:16,me-load_balancer-1,0.16%,0.85%
2024-11-06 15:19:16,me-blog-1,0.01%,14.11%
2024-11-06 15:19:29,minikube,12.88%,61.85%
2024-11-06 15:19:29,me-load_balancer-1,0.22%,0.85%
2024-11-06 15:19:29,me-blog-1,0.02%,14.11%
2024-11-06 15:19:41,minikube,11.04%,61.81%
2024-11-06 15:19:41,me-load_balancer-1,0.17%,0.85%
2024-11-06 15:19:41,me-blog-1,0.00%,14.11%
2024-11-06 15:19:54,minikube,13.24%,61.77%
2024-11-06 15:19:54,me-load_balancer-1,0.10%,0.85%
2024-11-06 15:19:54,me-blog-1,0.02%,14.11%
2024-11-06 15:20:06,minikube,10.10%,61.81%
2024-11-06 15:20:06,me-load_balancer-1,0.12%,0.85%
2024-11-06 15:20:06,me-blog-1,0.00%,14.11%
2024-11-06 15:20:19,minikube,11.26%,61.86%
2024-11-06 15:20:19,me-load_balancer-1,0.22%,0.85%
2024-11-06 15:20:19,me-blog-1,0.00%,14.11%
2024-11-06 15:20:32,minikube,9.15%,61.80%
2024-11-06 15:20:32,me-load_balancer-1,0.12%,0.85%
2024-11-06 15:20:32,me-blog-1,0.00%,14.11%
2024-11-06 15:20:44,minikube,12.48%,61.89%
2024-11-06 15:20:44,me-load_balancer-1,0.23%,0.85%
2024-11-06 15:20:44,me-blog-1,0.01%,14.11%
2024-11-06 15:20:57,minikube,16.03%,61.85%
2024-11-06 15:20:57,me-load_balancer-1,0.14%,0.85%
2024-11-06 15:20:57,me-blog-1,0.01%,14.11%
2024-11-06 15:21:09,minikube,9.80%,61.85%
2024-11-06 15:21:09,me-load_balancer-1,0.16%,0.85%
2024-11-06 15:21:09,me-blog-1,0.00%,14.11%
2024-11-06 15:21:22,minikube,12.18%,61.73%
2024-11-06 15:21:22,me-load_balancer-1,0.18%,0.85%
2024-11-06 15:21:22,me-blog-1,0.01%,14.11%
2024-11-06 15:21:35,minikube,16.02%,61.70%
2024-11-06 15:21:35,me-load_balancer-1,0.18%,0.85%
2024-11-06 15:21:35,me-blog-1,0.00%,14.11%
2024-11-06 15:21:47,minikube,15.59%,61.74%
2024-11-06 15:21:47,me-load_balancer-1,0.13%,0.85%
2024-11-06 15:21:47,me-blog-1,0.00%,14.11%
2024-11-06 15:22:00,minikube,24.27%,61.72%
2024-11-06 15:22:00,me-load_balancer-1,0.13%,0.85%
2024-11-06 15:22:00,me-blog-1,0.00%,14.11%
2024-11-06 15:22:12,minikube,12.51%,61.76%
2024-11-06 15:22:12,me-load_balancer-1,0.14%,0.85%
2024-11-06 15:22:12,me-blog-1,0.00%,14.11%
2024-11-06 15:22:25,minikube,14.28%,61.79%
2024-11-06 15:22:25,me-load_balancer-1,0.21%,0.85%
2024-11-06 15:22:25,me-blog-1,0.00%,14.11%
2024-11-06 15:22:37,minikube,14.90%,61.74%
2024-11-06 15:22:37,me-load_balancer-1,0.11%,0.85%
2024-11-06 15:22:37,me-blog-1,0.00%,14.11%
2024-11-06 15:22:50,minikube,11.05%,61.79%
2024-11-06 15:22:50,me-load_balancer-1,0.11%,0.85%
2024-11-06 15:22:50,me-blog-1,0.00%,14.11%
2024-11-06 15:23:03,minikube,13.09%,61.85%
2024-11-06 15:23:03,me-load_balancer-1,0.27%,0.85%
2024-11-06 15:23:03,me-blog-1,0.00%,14.11%
2024-11-06 15:23:15,minikube,10.29%,61.83%
2024-11-06 15:23:15,me-load_balancer-1,0.21%,0.85%
2024-11-06 15:23:15,me-blog-1,0.01%,14.11%
2024-11-06 15:23:28,minikube,16.56%,61.89%
2024-11-06 15:23:28,me-load_balancer-1,0.19%,0.85%
2024-11-06 15:23:28,me-blog-1,0.01%,14.11%
2024-11-06 15:23:40,minikube,13.93%,61.78%
2024-11-06 15:23:40,me-load_balancer-1,0.17%,0.85%
2024-11-06 15:23:40,me-blog-1,0.00%,14.11%
2024-11-06 15:23:53,minikube,12.17%,61.78%
2024-11-06 15:23:53,me-load_balancer-1,0.19%,0.85%
2024-11-06 15:23:53,me-blog-1,0.00%,14.11%
2024-11-06 15:24:05,minikube,10.12%,61.76%
2024-11-06 15:24:05,me-load_balancer-1,0.16%,0.85%
2024-11-06 15:24:05,me-blog-1,0.01%,14.11%
2024-11-06 15:24:18,minikube,16.71%,61.82%
2024-11-06 15:24:18,me-load_balancer-1,0.12%,0.85%
2024-11-06 15:24:18,me-blog-1,0.00%,14.11%
2024-11-06 15:24:31,minikube,11.68%,61.74%
2024-11-06 15:24:31,me-load_balancer-1,0.13%,0.85%
2024-11-06 15:24:31,me-blog-1,0.00%,14.11%
2024-11-06 15:24:43,minikube,10.77%,61.75%
2024-11-06 15:24:43,me-load_balancer-1,0.23%,0.85%
2024-11-06 15:24:43,me-blog-1,0.00%,14.11%
2024-11-06 15:24:56,minikube,11.99%,61.74%
2024-11-06 15:24:56,me-load_balancer-1,0.12%,0.85%
2024-11-06 15:24:56,me-blog-1,0.00%,14.11%
2024-11-06 15:25:08,minikube,13.02%,61.86%
2024-11-06 15:25:08,me-load_balancer-1,0.11%,0.85%
2024-11-06 15:25:08,me-blog-1,0.00%,14.11%
2024-11-06 15:25:21,minikube,13.02%,61.85%
2024-11-06 15:25:21,me-load_balancer-1,0.13%,0.85%
2024-11-06 15:25:21,me-blog-1,0.00%,14.11%
2024-11-06 15:25:34,minikube,9.27%,61.80%
2024-11-06 15:25:34,me-load_balancer-1,0.25%,0.85%
2024-11-06 15:25:34,me-blog-1,0.00%,14.11%
2024-11-06 15:25:46,minikube,10.83%,61.80%
2024-11-06 15:25:46,me-load_balancer-1,0.12%,0.85%
2024-11-06 15:25:46,me-blog-1,0.00%,14.11%
2024-11-06 15:25:59,minikube,10.87%,61.76%
2024-11-06 15:25:59,me-load_balancer-1,0.22%,0.85%
2024-11-06 15:25:59,me-blog-1,0.00%,14.11%
2024-11-06 15:26:11,minikube,9.44%,61.83%
2024-11-06 15:26:11,me-load_balancer-1,0.11%,0.85%
2024-11-06 15:26:11,me-blog-1,0.00%,14.11%
2024-11-06 15:26:24,minikube,13.93%,61.83%
2024-11-06 15:26:24,me-load_balancer-1,0.25%,0.85%
2024-11-06 15:26:24,me-blog-1,0.01%,14.11%
2024-11-06 15:26:36,minikube,10.83%,61.79%
2024-11-06 15:26:36,me-load_balancer-1,0.14%,0.85%
2024-11-06 15:26:36,me-blog-1,0.01%,14.11%
2024-11-06 15:26:49,minikube,13.16%,61.83%
2024-11-06 15:26:49,me-load_balancer-1,0.17%,0.85%
2024-11-06 15:26:49,me-blog-1,0.00%,14.11%
2024-11-06 15:27:01,minikube,11.58%,61.87%
2024-11-06 15:27:01,me-load_balancer-1,0.19%,0.85%
2024-11-06 15:27:01,me-blog-1,0.01%,14.11%
2024-11-06 15:27:14,minikube,11.75%,61.84%
2024-11-06 15:27:14,me-load_balancer-1,0.19%,0.85%
2024-11-06 15:27:14,me-blog-1,0.01%,14.11%
2024-11-06 15:27:27,minikube,10.08%,61.86%
2024-11-06 15:27:27,me-load_balancer-1,0.12%,0.85%
2024-11-06 15:27:27,me-blog-1,0.00%,14.11%
2024-11-06 15:27:39,minikube,12.12%,61.85%
2024-11-06 15:27:39,me-load_balancer-1,0.12%,0.85%
2024-11-06 15:27:39,me-blog-1,0.01%,14.11%
2024-11-06 15:27:52,minikube,10.00%,61.86%
2024-11-06 15:27:52,me-load_balancer-1,0.21%,0.85%
2024-11-06 15:27:52,me-blog-1,0.01%,14.11%
2024-11-06 15:28:04,minikube,14.21%,61.83%
2024-11-06 15:28:04,me-load_balancer-1,0.12%,0.85%
2024-11-06 15:28:04,me-blog-1,0.01%,14.11%
2024-11-06 15:28:17,minikube,10.51%,61.88%
2024-11-06 15:28:17,me-load_balancer-1,0.20%,0.85%
2024-11-06 15:28:17,me-blog-1,0.00%,14.11%
2024-11-06 15:28:29,minikube,11.93%,61.90%
2024-11-06 15:28:29,me-load_balancer-1,0.14%,0.85%
2024-11-06 15:28:29,me-blog-1,0.01%,14.11%
2024-11-06 15:28:42,minikube,9.36%,61.81%
2024-11-06 15:28:42,me-load_balancer-1,0.18%,0.85%
2024-11-06 15:28:42,me-blog-1,0.01%,14.11%
2024-11-06 15:28:55,minikube,16.17%,61.85%
2024-11-06 15:28:55,me-load_balancer-1,0.14%,0.85%
2024-11-06 15:28:55,me-blog-1,0.00%,14.11%
2024-11-06 15:29:07,minikube,11.70%,61.84%
2024-11-06 15:29:07,me-load_balancer-1,0.18%,0.85%
2024-11-06 15:29:07,me-blog-1,0.00%,14.11%
2024-11-06 15:29:20,minikube,13.57%,61.85%
2024-11-06 15:29:20,me-load_balancer-1,0.23%,0.85%
2024-11-06 15:29:20,me-blog-1,0.00%,14.11%
2024-11-06 15:29:32,minikube,8.69%,61.86%
2024-11-06 15:29:32,me-load_balancer-1,0.11%,0.85%
2024-11-06 15:29:32,me-blog-1,0.01%,14.11%
2024-11-06 15:29:45,minikube,11.77%,61.89%
2024-11-06 15:29:45,me-load_balancer-1,0.16%,0.85%
2024-11-06 15:29:45,me-blog-1,0.00%,14.11%
2024-11-06 15:29:58,minikube,9.10%,61.88%
2024-11-06 15:29:58,me-load_balancer-1,0.10%,0.85%
2024-11-06 15:29:58,me-blog-1,0.00%,14.11%
2024-11-06 15:30:10,minikube,11.94%,61.94%
2024-11-06 15:30:10,me-load_balancer-1,0.17%,0.85%
2024-11-06 15:30:10,me-blog-1,0.00%,14.11%
2024-11-06 15:30:23,minikube,10.59%,61.91%
2024-11-06 15:30:23,me-load_balancer-1,0.17%,0.85%
2024-11-06 15:30:23,me-blog-1,0.00%,14.11%
2024-11-06 15:30:35,minikube,10.03%,61.88%
2024-11-06 15:30:35,me-load_balancer-1,0.17%,0.85%
2024-11-06 15:30:35,me-blog-1,0.00%,14.11%
2024-11-06 15:30:48,minikube,12.50%,61.84%
2024-11-06 15:30:48,me-load_balancer-1,0.10%,0.85%
2024-11-06 15:30:48,me-blog-1,0.00%,14.11%
2024-11-06 15:31:00,minikube,11.07%,61.87%
2024-11-06 15:31:00,me-load_balancer-1,0.19%,0.85%
2024-11-06 15:31:00,me-blog-1,0.00%,14.11%
2024-11-06 15:31:13,minikube,10.50%,61.91%
2024-11-06 15:31:13,me-load_balancer-1,0.21%,0.85%
2024-11-06 15:31:13,me-blog-1,0.00%,14.11%
2024-11-06 15:31:26,minikube,9.21%,61.95%
2024-11-06 15:31:26,me-load_balancer-1,0.21%,0.85%
2024-11-06 15:31:26,me-blog-1,0.00%,14.11%
2024-11-06 15:31:38,minikube,11.56%,61.88%
2024-11-06 15:31:38,me-load_balancer-1,0.13%,0.85%
2024-11-06 15:31:38,me-blog-1,0.01%,14.11%
2024-11-06 15:31:51,minikube,14.58%,61.92%
2024-11-06 15:31:51,me-load_balancer-1,0.13%,0.85%
2024-11-06 15:31:51,me-blog-1,0.00%,14.11%
2024-11-06 15:32:03,minikube,9.38%,61.89%
2024-11-06 15:32:03,me-load_balancer-1,0.22%,0.85%
2024-11-06 15:32:03,me-blog-1,0.00%,14.11%
2024-11-06 15:32:16,minikube,13.96%,61.95%
2024-11-06 15:32:16,me-load_balancer-1,0.21%,0.85%
2024-11-06 15:32:16,me-blog-1,0.00%,14.11%
2024-11-06 15:32:29,minikube,16.64%,61.79%
2024-11-06 15:32:29,me-load_balancer-1,0.16%,0.85%
2024-11-06 15:32:29,me-blog-1,0.00%,14.11%
2024-11-06 15:32:41,minikube,12.22%,61.84%
2024-11-06 15:32:41,me-load_balancer-1,0.18%,0.85%
2024-11-06 15:32:41,me-blog-1,0.00%,14.11%
2024-11-06 15:32:54,minikube,21.18%,61.89%
2024-11-06 15:32:54,me-load_balancer-1,0.11%,0.85%
2024-11-06 15:32:54,me-blog-1,0.00%,14.11%
2024-11-06 15:33:06,minikube,12.21%,61.84%
2024-11-06 15:33:06,me-load_balancer-1,0.15%,0.85%
2024-11-06 15:33:06,me-blog-1,0.00%,14.11%
2024-11-06 15:33:19,minikube,16.09%,61.92%
2024-11-06 15:33:19,me-load_balancer-1,0.18%,0.85%
2024-11-06 15:33:19,me-blog-1,0.01%,14.11%
2024-11-06 15:33:31,minikube,11.52%,61.90%
2024-11-06 15:33:31,me-load_balancer-1,0.20%,0.85%
2024-11-06 15:33:31,me-blog-1,0.01%,14.11%
2024-11-06 15:33:44,minikube,8.22%,61.95%
2024-11-06 15:33:44,me-load_balancer-1,0.14%,0.85%
2024-11-06 15:33:44,me-blog-1,0.00%,14.11%
2024-11-06 15:33:57,minikube,10.98%,61.93%
2024-11-06 15:33:57,me-load_balancer-1,0.15%,0.85%
2024-11-06 15:33:57,me-blog-1,0.00%,14.11%
2024-11-06 15:34:09,minikube,22.18%,61.93%
2024-11-06 15:34:09,me-load_balancer-1,0.17%,0.85%
2024-11-06 15:34:09,me-blog-1,0.00%,14.11%
2024-11-06 15:34:22,minikube,10.87%,61.94%
2024-11-06 15:34:22,me-load_balancer-1,0.14%,0.85%
2024-11-06 15:34:22,me-blog-1,0.00%,14.11%
2024-11-06 15:34:34,minikube,9.99%,61.86%
2024-11-06 15:34:34,me-load_balancer-1,0.11%,0.85%
2024-11-06 15:34:34,me-blog-1,0.00%,14.11%
2024-11-06 15:34:47,minikube,25.60%,61.89%
2024-11-06 15:34:47,me-load_balancer-1,0.14%,0.85%
2024-11-06 15:34:47,me-blog-1,0.00%,14.11%
2024-11-06 15:34:59,minikube,19.03%,61.96%
2024-11-06 15:34:59,me-load_balancer-1,0.16%,0.85%
2024-11-06 15:34:59,me-blog-1,0.00%,14.11%
2024-11-06 15:35:12,minikube,10.88%,62.01%
2024-11-06 15:35:12,me-load_balancer-1,0.19%,0.85%
2024-11-06 15:35:12,me-blog-1,0.01%,14.11%
2024-11-06 15:35:25,minikube,15.89%,61.95%
2024-11-06 15:35:25,me-load_balancer-1,0.16%,0.85%
2024-11-06 15:35:25,me-blog-1,0.01%,14.11%
2024-11-06 15:35:37,minikube,10.93%,61.89%
2024-11-06 15:35:37,me-load_balancer-1,0.18%,0.85%
2024-11-06 15:35:37,me-blog-1,0.00%,14.11%
2024-11-06 15:35:50,minikube,17.99%,61.94%
2024-11-06 15:35:50,me-load_balancer-1,0.17%,0.85%
2024-11-06 15:35:50,me-blog-1,0.00%,14.11%
2024-11-06 15:36:02,minikube,9.06%,61.96%
2024-11-06 15:36:02,me-load_balancer-1,0.12%,0.85%
2024-11-06 15:36:02,me-blog-1,0.01%,14.11%
2024-11-06 15:36:15,minikube,12.54%,62.00%
2024-11-06 15:36:15,me-load_balancer-1,0.13%,0.85%
2024-11-06 15:36:15,me-blog-1,0.00%,14.11%
2024-11-06 15:36:27,minikube,8.86%,61.94%
2024-11-06 15:36:27,me-load_balancer-1,0.12%,0.85%
2024-11-06 15:36:27,me-blog-1,0.00%,14.11%
2024-11-06 15:36:40,minikube,15.96%,61.93%
2024-11-06 15:36:40,me-load_balancer-1,0.19%,0.85%
2024-11-06 15:36:40,me-blog-1,0.00%,14.11%
2024-11-06 15:36:53,minikube,10.60%,61.91%
2024-11-06 15:36:53,me-load_balancer-1,0.25%,0.85%
2024-11-06 15:36:53,me-blog-1,0.00%,14.11%
2024-11-06 15:37:05,minikube,13.31%,62.23%
2024-11-06 15:37:05,me-load_balancer-1,0.18%,0.85%
2024-11-06 15:37:05,me-blog-1,0.00%,14.11%
2024-11-06 15:37:18,minikube,14.83%,62.31%
2024-11-06 15:37:18,me-load_balancer-1,0.13%,0.85%
2024-11-06 15:37:18,me-blog-1,0.00%,14.11%
2024-11-06 15:37:30,minikube,12.13%,62.32%
2024-11-06 15:37:30,me-load_balancer-1,0.19%,0.85%
2024-11-06 15:37:30,me-blog-1,0.00%,14.11%
2024-11-06 15:37:43,minikube,9.53%,62.67%
2024-11-06 15:37:43,me-load_balancer-1,0.22%,0.85%
2024-11-06 15:37:43,me-blog-1,0.00%,14.11%
2024-11-06 15:37:56,minikube,11.81%,62.64%
2024-11-06 15:37:56,me-load_balancer-1,0.15%,0.85%
2024-11-06 15:37:56,me-blog-1,0.01%,14.11%
2024-11-06 15:38:08,minikube,12.75%,62.68%
2024-11-06 15:38:08,me-load_balancer-1,0.19%,0.85%
2024-11-06 15:38:08,me-blog-1,0.00%,14.11%
2024-11-06 15:38:21,minikube,11.32%,62.77%
2024-11-06 15:38:21,me-load_balancer-1,0.17%,0.85%
2024-11-06 15:38:21,me-blog-1,0.00%,14.11%
2024-11-06 15:38:33,minikube,7.53%,62.69%
2024-11-06 15:38:33,me-load_balancer-1,0.17%,0.85%
2024-11-06 15:38:33,me-blog-1,0.00%,14.11%
2024-11-06 15:38:46,minikube,9.13%,62.68%
2024-11-06 15:38:46,me-load_balancer-1,0.16%,0.85%
2024-11-06 15:38:46,me-blog-1,0.01%,14.11%
2024-11-06 15:38:58,minikube,11.14%,62.63%
2024-11-06 15:38:58,me-load_balancer-1,0.18%,0.85%
2024-11-06 15:38:58,me-blog-1,0.00%,14.11%
2024-11-06 15:39:11,minikube,11.04%,62.78%
2024-11-06 15:39:11,me-load_balancer-1,0.19%,0.85%
2024-11-06 15:39:11,me-blog-1,0.00%,14.11%
2024-11-06 15:39:24,minikube,14.95%,62.72%
2024-11-06 15:39:24,me-load_balancer-1,0.23%,0.85%
2024-11-06 15:39:24,me-blog-1,0.01%,14.11%
2024-11-06 15:39:36,minikube,9.31%,62.71%
2024-11-06 15:39:36,me-load_balancer-1,0.12%,0.85%
2024-11-06 15:39:36,me-blog-1,0.00%,14.11%
2024-11-06 15:39:49,minikube,7.72%,62.60%
2024-11-06 15:39:49,me-load_balancer-1,0.14%,0.85%
2024-11-06 15:39:49,me-blog-1,0.00%,14.11%
2024-11-06 15:40:01,minikube,10.34%,62.72%
2024-11-06 15:40:01,me-load_balancer-1,0.17%,0.85%
2024-11-06 15:40:01,me-blog-1,0.00%,14.11%
2024-11-06 15:40:14,minikube,9.06%,62.74%
2024-11-06 15:40:14,me-load_balancer-1,0.15%,0.85%
2024-11-06 15:40:14,me-blog-1,0.00%,14.11%
2024-11-06 15:40:26,minikube,13.15%,62.74%
2024-11-06 15:40:26,me-load_balancer-1,0.15%,0.85%
2024-11-06 15:40:26,me-blog-1,0.01%,14.11%
2024-11-06 15:40:39,minikube,9.68%,62.68%
2024-11-06 15:40:39,me-load_balancer-1,0.12%,0.85%
2024-11-06 15:40:39,me-blog-1,0.00%,14.11%
2024-11-06 15:40:52,minikube,12.43%,62.73%
2024-11-06 15:40:52,me-load_balancer-1,0.19%,0.85%
2024-11-06 15:40:52,me-blog-1,0.00%,14.11%
2024-11-06 15:41:04,minikube,11.20%,62.74%
2024-11-06 15:41:04,me-load_balancer-1,0.18%,0.85%
2024-11-06 15:41:04,me-blog-1,0.00%,14.11%
2024-11-06 15:41:17,minikube,11.71%,62.78%
2024-11-06 15:41:17,me-load_balancer-1,0.11%,0.85%
2024-11-06 15:41:17,me-blog-1,0.00%,14.11%
2024-11-06 15:41:29,minikube,11.67%,62.68%
2024-11-06 15:41:29,me-load_balancer-1,0.24%,0.85%
2024-11-06 15:41:29,me-blog-1,0.01%,14.11%
2024-11-06 15:41:42,minikube,11.91%,62.77%
2024-11-06 15:41:42,me-load_balancer-1,0.12%,0.85%
2024-11-06 15:41:42,me-blog-1,0.01%,14.11%
2024-11-06 15:41:54,minikube,15.51%,62.74%
2024-11-06 15:41:54,me-load_balancer-1,0.14%,0.85%
2024-11-06 15:41:54,me-blog-1,0.00%,14.11%
2024-11-06 15:42:07,minikube,10.41%,62.79%
2024-11-06 15:42:07,me-load_balancer-1,0.16%,0.85%
2024-11-06 15:42:07,me-blog-1,0.01%,14.11%
2024-11-06 15:42:19,minikube,9.50%,62.71%
2024-11-06 15:42:19,me-load_balancer-1,0.17%,0.85%
2024-11-06 15:42:19,me-blog-1,0.00%,14.11%
2024-11-06 15:42:32,minikube,11.41%,62.69%
2024-11-06 15:42:32,me-load_balancer-1,0.14%,0.85%
2024-11-06 15:42:32,me-blog-1,0.00%,14.11%
2024-11-06 15:42:45,minikube,15.39%,62.71%
2024-11-06 15:42:45,me-load_balancer-1,0.22%,0.85%
2024-11-06 15:42:45,me-blog-1,0.01%,14.11%
2024-11-06 15:42:57,minikube,11.01%,62.69%
2024-11-06 15:42:57,me-load_balancer-1,0.18%,0.85%
2024-11-06 15:42:57,me-blog-1,0.00%,14.11%
2024-11-06 15:43:10,minikube,8.90%,62.67%
2024-11-06 15:43:10,me-load_balancer-1,0.11%,0.85%
2024-11-06 15:43:10,me-blog-1,0.00%,14.11%
2024-11-06 15:43:22,minikube,9.10%,62.79%
2024-11-06 15:43:22,me-load_balancer-1,0.14%,0.85%
2024-11-06 15:43:22,me-blog-1,0.00%,14.11%
2024-11-06 15:43:35,minikube,12.87%,62.63%
2024-11-06 15:43:35,me-load_balancer-1,0.11%,0.85%
2024-11-06 15:43:35,me-blog-1,0.00%,14.11%
2024-11-06 15:43:48,minikube,11.71%,62.69%
2024-11-06 15:43:48,me-load_balancer-1,0.13%,0.85%
2024-11-06 15:43:48,me-blog-1,0.00%,14.11%
2024-11-06 15:44:00,minikube,15.72%,62.71%
2024-11-06 15:44:00,me-load_balancer-1,0.19%,0.85%
2024-11-06 15:44:00,me-blog-1,0.00%,14.11%
2024-11-06 15:44:13,minikube,10.84%,62.76%
2024-11-06 15:44:13,me-load_balancer-1,0.20%,0.85%
2024-11-06 15:44:13,me-blog-1,0.00%,14.11%
2024-11-06 15:44:25,minikube,12.72%,62.71%
2024-11-06 15:44:25,me-load_balancer-1,0.14%,0.85%
2024-11-06 15:44:25,me-blog-1,0.00%,14.11%
2024-11-06 15:44:38,minikube,11.64%,62.64%
2024-11-06 15:44:38,me-load_balancer-1,0.18%,0.85%
2024-11-06 15:44:38,me-blog-1,0.01%,14.11%
2024-11-06 15:44:50,minikube,15.90%,62.62%
2024-11-06 15:44:50,me-load_balancer-1,0.20%,0.85%
2024-11-06 15:44:50,me-blog-1,0.01%,14.11%
2024-11-06 15:45:03,minikube,11.55%,62.63%
2024-11-06 15:45:03,me-load_balancer-1,0.25%,0.85%
2024-11-06 15:45:03,me-blog-1,0.00%,14.11%
2024-11-06 15:45:16,minikube,12.18%,62.68%
2024-11-06 15:45:16,me-load_balancer-1,0.12%,0.85%
2024-11-06 15:45:16,me-blog-1,0.00%,14.11%
2024-11-06 15:45:28,minikube,21.28%,62.64%
2024-11-06 15:45:28,me-load_balancer-1,0.23%,0.85%
2024-11-06 15:45:28,me-blog-1,0.00%,14.11%
2024-11-06 15:45:41,minikube,16.48%,62.68%
2024-11-06 15:45:41,me-load_balancer-1,0.13%,0.85%
2024-11-06 15:45:41,me-blog-1,0.00%,14.11%
2024-11-06 15:45:53,minikube,14.08%,62.69%
2024-11-06 15:45:53,me-load_balancer-1,0.19%,0.85%
2024-11-06 15:45:53,me-blog-1,0.00%,14.11%
2024-11-06 15:46:06,minikube,6.00%,62.70%
2024-11-06 15:46:06,me-load_balancer-1,0.11%,0.85%
2024-11-06 15:46:06,me-blog-1,0.00%,14.11%
